"Uge";"Aldersgruppe";"Testede pr. 100.000 borgere";"Positive pr. 100.000 borgere";"Nye indlæggelser pr. 100.000 borgere";"Antal testede";"Antal positive";"Positiv procent";"timestamp_2025-06-17T10:00:07.774"
2020-U04;00-02;0;0;0,0;0;0;0,0;
2020-U04;03-05;0;0;0,0;0;0;0,0;
2020-U04;06-11;0;0;0,0;0;0;0,0;
2020-U04;12-15;0;0;0,0;0;0;0,0;
2020-U04;16-19;0;0;0,0;0;0;0,0;
2020-U04;20-39;0;0;0,0;0;0;0,0;
2020-U04;40-64;0;0;0,0;0;0;0,0;
2020-U04;65-79;0;0;0,0;0;0;0,0;
2020-U04;80+;0;0;0,0;0;0;0,0;
2020-U05;65-79;0;0;0,0;1;0;0,0;
2020-U07;40-64;0;0;0,0;1;0;0,0;
2020-U08;20-39;0;0;0,0;5;0;0,0;
2020-U08;40-64;0;0;0,0;1;0;0,0;
2020-U09;00-02;3;0;0,0;6;0;0,0;
2020-U09;03-05;4;0;0,0;7;0;0,0;
2020-U09;06-11;12;0;0,0;45;0;0,0;
2020-U09;12-15;16;0;0,4;44;1;2,3;
2020-U09;16-19;13;0;0,0;36;0;0,0;
2020-U09;20-39;5;0;0,0;73;0;0,0;
2020-U09;40-64;6;0;0,0;110;3;2,7;
2020-U09;65-79;1;0;0,0;6;0;0,0;
2020-U09;80+;1;0;0,0;2;0;0,0;
2020-U10;00-02;12;0;0,0;22;0;0,0;
2020-U10;03-05;14;0;0,0;26;0;0,0;
2020-U10;06-11;16;0;0,0;61;0;0,0;
2020-U10;12-15;14;0;0,0;38;1;2,6;
2020-U10;16-19;18;1;0,0;50;2;4,0;
2020-U10;20-39;15;2;0,1;219;25;11,4;
2020-U10;40-64;17;2;0,3;330;43;13,0;
2020-U10;65-79;3;0;0,0;28;4;14,3;
2020-U10;80+;5;1;1,1;13;4;30,8;
2020-U11;00-02;92;2;1,1;172;4;2,3;
2020-U11;03-05;39;0;0,0;71;0;0,0;
2020-U11;06-11;36;2;0,3;140;7;5,0;
2020-U11;12-15;37;3;0,4;100;8;8,0;
2020-U11;16-19;69;8;0,4;191;21;11,0;
2020-U11;20-39;90;17;0,8;1335;257;19,3;
2020-U11;40-64;95;24;3,2;1823;458;25,1;
2020-U11;65-79;77;6;4,0;683;49;7,2;
2020-U11;80+;143;8;7,6;395;22;5,6;
2020-U12;00-02;159;1;0,0;298;2;0,7;
2020-U12;03-05;38;0;0,0;69;0;0,0;
2020-U12;06-11;12;0;0,0;48;1;2,1;
2020-U12;12-15;15;0;0,0;40;0;0,0;
2020-U12;16-19;31;0;0,0;87;1;1,2;
2020-U12;20-39;108;5;1,5;1603;75;4,7;
2020-U12;40-64;148;12;5,4;2825;230;8,1;
2020-U12;65-79;163;17;13,5;1452;153;10,5;
2020-U12;80+;314;32;30,2;863;89;10,3;
2020-U13;00-02;133;3;1,1;249;5;2,0;
2020-U13;03-05;21;0;0,0;39;0;0,0;
2020-U13;06-11;18;0;0,0;68;0;0,0;
2020-U13;12-15;26;1;0,7;70;3;4,3;
2020-U13;16-19;51;3;1,4;143;9;6,3;
2020-U13;20-39;149;12;1,8;2208;173;7,8;
2020-U13;40-64;214;26;8,9;4089;490;12,0;
2020-U13;65-79;215;34;26,8;1918;307;16,0;
2020-U13;80+;418;51;39,2;1152;141;12,2;
2020-U14;00-02;235;4;0,5;440;7;1,6;
2020-U14;03-05;96;1;0,5;175;2;1,1;
2020-U14;06-11;89;3;0,0;343;13;3,8;
2020-U14;12-15;106;4;0,0;289;12;4,2;
2020-U14;16-19;185;11;0,0;513;31;6,0;
2020-U14;20-39;476;37;1,5;7066;549;7,8;
2020-U14;40-64;686;54;5,6;13109;1036;7,9;
2020-U14;65-79;441;32;13,7;3931;281;7,2;
2020-U14;80+;777;76;35,2;2140;210;9,8;
2020-U15;00-02;289;6;1,1;541;11;2,0;
2020-U15;03-05;175;3;0,0;320;5;1,6;
2020-U15;06-11;139;5;0,0;533;21;3,9;
2020-U15;12-15;139;7;0,0;381;18;4,7;
2020-U15;16-19;255;17;0,0;709;48;6,8;
2020-U15;20-39;495;34;1,0;7347;509;6,9;
2020-U15;40-64;624;37;3,8;11941;706;5,9;
2020-U15;65-79;435;21;7,2;3881;185;4,8;
2020-U15;80+;636;46;25,0;1757;128;7,3;
2020-U16;00-02;330;4;0,5;617;8;1,3;
2020-U16;03-05;205;1;0,0;375;2;0,5;
2020-U16;06-11;229;5;0,0;879;18;2,1;
2020-U16;12-15;149;5;0,0;407;15;3,7;
2020-U16;16-19;285;10;0,4;793;28;3,5;
2020-U16;20-39;476;24;0,7;7072;349;4,9;
2020-U16;40-64;615;27;2,9;11766;507;4,3;
2020-U16;65-79;446;13;6,5;3980;117;2,9;
2020-U16;80+;748;46;22,8;2068;126;6,1;
2020-U17;00-02;840;2;1,1;1572;3;0,2;
2020-U17;03-05;634;5;0,0;1162;10;0,9;
2020-U17;06-11;724;8;0,0;2777;31;1,1;
2020-U17;12-15;489;8;0,4;1338;23;1,7;
2020-U17;16-19;710;17;0,0;1972;48;2,4;
2020-U17;20-39;1383;27;0,3;20530;396;1,9;
2020-U17;40-64;1778;26;2,0;34008;488;1,4;
2020-U17;65-79;1115;17;6,7;9939;150;1,5;
2020-U17;80+;1664;50;25,0;4598;138;3,0;
2020-U18;00-02;960;9;0,0;1797;16;0,9;
2020-U18;03-05;720;9;0,0;1321;16;1,2;
2020-U18;06-11;1035;10;0,0;3971;39;1,0;
2020-U18;12-15;656;12;0,0;1796;32;1,8;
2020-U18;16-19;929;12;0,4;2580;33;1,3;
2020-U18;20-39;1791;21;1,0;26599;314;1,2;
2020-U18;40-64;2278;19;1,2;43571;368;0,8;
2020-U18;65-79;1468;9;3,5;13087;84;0,6;
2020-U18;80+;2008;28;14,5;5549;77;1,4;
2020-U19;00-02;791;8;0,5;1482;15;1,0;
2020-U19;03-05;534;3;0,0;980;5;0,5;
2020-U19;06-11;686;7;0,0;2625;28;1,1;
2020-U19;12-15;535;9;0,4;1462;25;1,7;
2020-U19;16-19;885;8;0,4;2456;21;0,9;
2020-U19;20-39;1568;14;0,2;23287;203;0,9;
2020-U19;40-64;1882;14;1,0;35995;263;0,7;
2020-U19;65-79;1352;7;2,8;12077;61;0,5;
2020-U19;80+;2058;14;7,9;5705;38;0,7;
2020-U20;00-02;900;5;0,0;1686;9;0,5;
2020-U20;03-05;608;5;0,0;1116;9;0,8;
2020-U20;06-11;713;4;0,0;2728;17;0,6;
2020-U20;12-15;661;5;0,0;1808;13;0,7;
2020-U20;16-19;944;9;0,0;2620;24;0,9;
2020-U20;20-39;1558;10;0,3;23141;151;0,7;
2020-U20;40-64;1810;8;1,0;34610;147;0,4;
2020-U20;65-79;1418;4;1,3;12664;39;0,3;
2020-U20;80+;2068;9;6,9;5735;24;0,4;
2020-U21;00-02;889;5;0,0;1666;9;0,5;
2020-U21;03-05;597;4;0,0;1097;8;0,7;
2020-U21;06-11;531;4;0,0;2031;17;0,8;
2020-U21;12-15;582;3;0,0;1592;8;0,5;
2020-U21;16-19;1258;4;0,0;3489;12;0,3;
2020-U21;20-39;1875;9;0,1;27847;136;0,5;
2020-U21;40-64;1503;7;0,8;28738;139;0,5;
2020-U21;65-79;1291;4;2,7;11529;34;0,3;
2020-U21;80+;1696;8;3,6;4702;21;0,5;
2020-U22;00-02;1018;3;0,5;1907;6;0,3;
2020-U22;03-05;680;2;0,0;1249;4;0,3;
2020-U22;06-11;594;3;0,0;2272;11;0,5;
2020-U22;12-15;799;2;0,0;2185;5;0,2;
2020-U22;16-19;1078;7;0,4;2992;20;0,7;
2020-U22;20-39;1692;6;0,2;25130;96;0,4;
2020-U22;40-64;1648;5;0,4;31522;95;0,3;
2020-U22;65-79;1782;4;1,6;15922;40;0,3;
2020-U22;80+;1875;8;4,0;5198;23;0,4;
2020-U23;00-02;1094;3;0,5;2035;6;0,3;
2020-U23;03-05;738;3;0,0;1349;5;0,4;
2020-U23;06-11;541;3;0,0;2058;12;0,6;
2020-U23;12-15;626;4;0,0;1708;10;0,6;
2020-U23;16-19;1003;3;0,0;2763;8;0,3;
2020-U23;20-39;1445;5;0,1;21254;79;0,4;
2020-U23;40-64;1349;4;0,6;25713;85;0,3;
2020-U23;65-79;1480;3;0,8;13205;30;0,2;
2020-U23;80+;1698;4;2,9;4719;12;0,3;
2020-U24;00-02;1879;2;0,0;3495;3;0,1;
2020-U24;03-05;1510;3;0,0;2761;5;0,2;
2020-U24;06-11;1102;5;0,0;4194;19;0,5;
2020-U24;12-15;999;1;0,0;2724;4;0,2;
2020-U24;16-19;1199;4;0,0;3301;12;0,4;
2020-U24;20-39;2079;6;0,1;30574;86;0,3;
2020-U24;40-64;1558;5;0,2;29699;87;0,3;
2020-U24;65-79;1564;4;0,7;13957;38;0,3;
2020-U24;80+;1768;6;1,4;4913;17;0,4;
2020-U25;00-02;2205;1;0,0;4101;2;0,1;
2020-U25;03-05;2004;2;0,0;3664;4;0,1;
2020-U25;06-11;1624;4;0,0;6185;15;0,2;
2020-U25;12-15;1333;5;0,0;3635;13;0,4;
2020-U25;16-19;1480;6;0,0;4077;17;0,4;
2020-U25;20-39;2438;7;0,5;35857;103;0,3;
2020-U25;40-64;1836;7;0,3;35009;126;0,4;
2020-U25;65-79;1637;4;1,3;14609;32;0,2;
2020-U25;80+;2036;4;1,4;5659;10;0,2;
2020-U26;00-02;2009;4;0,0;3736;8;0,2;
2020-U26;03-05;1670;2;0,0;3054;4;0,1;
2020-U26;06-11;1586;2;0,3;6039;9;0,2;
2020-U26;12-15;1346;3;0,0;3673;7;0,2;
2020-U26;16-19;1337;1;0,0;3682;4;0,1;
2020-U26;20-39;2325;4;0,3;34206;55;0,2;
2020-U26;40-64;1860;3;0,2;35464;49;0,1;
2020-U26;65-79;1875;4;1,5;16728;40;0,2;
2020-U26;80+;2449;6;1,8;6806;16;0,2;
2020-U27;00-02;1422;1;0,0;2645;2;0,1;
2020-U27;03-05;1005;1;0,0;1838;1;0,1;
2020-U27;06-11;875;1;0,0;3333;5;0,2;
2020-U27;12-15;934;1;0,0;2547;4;0,2;
2020-U27;16-19;1575;2;0,0;4336;6;0,1;
2020-U27;20-39;2138;3;0,0;31446;43;0,1;
2020-U27;40-64;1757;2;0,2;33498;41;0,1;
2020-U27;65-79;1797;1;0,4;16036;13;0,1;
2020-U27;80+;2484;3;2,9;6903;8;0,1;
2020-U28;00-02;1104;2;0,5;2046;3;0,2;
2020-U28;03-05;740;0;0,0;1358;0;0,0;
2020-U28;06-11;604;2;0,0;2296;6;0,3;
2020-U28;12-15;873;2;0,0;2383;6;0,3;
2020-U28;16-19;1630;5;0,0;4479;13;0,3;
2020-U28;20-39;2113;5;0,1;31065;69;0,2;
2020-U28;40-64;1698;3;0,2;32361;59;0,2;
2020-U28;65-79;1722;1;0,6;15378;11;0,1;
2020-U28;80+;2155;2;1,4;6010;5;0,1;
2020-U29;00-02;1012;2;0,0;1875;3;0,2;
2020-U29;03-05;650;1;0,0;1193;2;0,2;
2020-U29;06-11;656;3;0,0;2493;12;0,5;
2020-U29;12-15;1152;5;0,0;3146;14;0,5;
2020-U29;16-19;1960;7;0,0;5385;20;0,4;
2020-U29;20-39;2292;6;0,0;33692;84;0,3;
2020-U29;40-64;1797;5;0,3;34244;98;0,3;
2020-U29;65-79;1681;3;0,6;15013;23;0,2;
2020-U29;80+;1977;4;1,8;5514;12;0,2;
2020-U30;00-02;816;1;0,0;1513;2;0,1;
2020-U30;03-05;528;3;0,0;969;5;0,5;
2020-U30;06-11;564;2;0,0;2144;8;0,4;
2020-U30;12-15;1349;5;0,0;3684;14;0,4;
2020-U30;16-19;2129;6;0,0;5851;17;0,3;
2020-U30;20-39;2386;5;0,1;35078;68;0,2;
2020-U30;40-64;1959;5;0,4;37328;101;0,3;
2020-U30;65-79;1743;2;0,7;15568;22;0,1;
2020-U30;80+;1958;2;1,4;5463;6;0,1;
2020-U31;00-02;874;2;0,0;1619;4;0,3;
2020-U31;03-05;653;3;0,0;1199;5;0,4;
2020-U31;06-11;706;2;0,0;2682;8;0,3;
2020-U31;12-15;1621;7;0,0;4426;18;0,4;
2020-U31;16-19;2535;8;0,0;6967;23;0,3;
2020-U31;20-39;2816;14;0,1;41396;210;0,5;
2020-U31;40-64;2516;10;0,5;47952;182;0,4;
2020-U31;65-79;2160;3;0,3;19292;29;0,2;
2020-U31;80+;2322;2;1,8;6477;6;0,1;
2020-U32;00-02;1425;4;0,5;2648;7;0,3;
2020-U32;03-05;1114;9;0,0;2046;16;0,8;
2020-U32;06-11;1047;12;0,0;3974;47;1,2;
2020-U32;12-15;2479;18;0,0;6769;50;0,7;
2020-U32;16-19;3935;28;0,0;10806;76;0,7;
2020-U32;20-39;3728;23;0,5;54785;339;0,6;
2020-U32;40-64;3146;15;0,7;59960;292;0,5;
2020-U32;65-79;2443;6;0,9;21863;52;0,2;
2020-U32;80+;2380;3;1,1;6658;7;0,1;
2020-U33;00-02;2136;6;0,0;3971;11;0,3;
2020-U33;03-05;1935;8;0,0;3555;14;0,4;
2020-U33;06-11;1962;14;0,0;7451;52;0,7;
2020-U33;12-15;3062;21;0,0;8361;58;0,7;
2020-U33;16-19;4559;39;0,0;12520;108;0,9;
2020-U33;20-39;4908;24;0,1;72123;358;0,5;
2020-U33;40-64;3883;13;0,5;74015;249;0,3;
2020-U33;65-79;2965;4;0,8;26530;39;0,2;
2020-U33;80+;2693;3;1,1;7533;9;0,1;
2020-U34;00-02;2653;6;0,0;4932;11;0,2;
2020-U34;03-05;2948;8;0,0;5416;15;0,3;
2020-U34;06-11;4209;13;0,0;15983;49;0,3;
2020-U34;12-15;5573;14;0,4;15219;39;0,3;
2020-U34;16-19;6115;27;0,7;16793;73;0,4;
2020-U34;20-39;5178;17;0,5;76101;256;0,3;
2020-U34;40-64;4052;8;0,4;77247;146;0,2;
2020-U34;65-79;2670;3;0,6;23897;23;0,1;
2020-U34;80+;2416;3;1,8;6758;9;0,1;
2020-U35;00-02;2702;3;0,5;5023;5;0,1;
2020-U35;03-05;2893;3;0,0;5314;6;0,1;
2020-U35;06-11;4628;5;0,3;17572;20;0,1;
2020-U35;12-15;6016;12;0,0;16427;32;0,2;
2020-U35;16-19;6277;19;0,0;17238;53;0,3;
2020-U35;20-39;5080;17;0,1;74653;250;0,3;
2020-U35;40-64;4045;10;0,4;77099;182;0,2;
2020-U35;65-79;2606;5;0,9;23324;42;0,2;
2020-U35;80+;2406;3;1,1;6732;8;0,1;
2020-U36;00-02;2500;8;0,5;4652;14;0,3;
2020-U36;03-05;2264;9;0,0;4163;17;0,4;
2020-U36;06-11;4328;13;0,3;16393;50;0,3;
2020-U36;12-15;6902;27;0,0;18897;75;0,4;
2020-U36;16-19;6354;26;0,4;17432;72;0,4;
2020-U36;20-39;5631;38;0,3;82711;559;0,7;
2020-U36;40-64;4318;21;0,6;82290;397;0,5;
2020-U36;65-79;2573;9;1,2;23031;84;0,4;
2020-U36;80+;2371;6;0,7;6655;17;0,3;
2020-U37;00-02;2843;17;0,0;5289;31;0,6;
2020-U37;03-05;2794;14;0,0;5138;25;0,5;
2020-U37;06-11;5157;36;0,0;19535;137;0,7;
2020-U37;12-15;8727;62;0,0;23895;171;0,7;
2020-U37;16-19;9149;57;0,7;25100;156;0,6;
2020-U37;20-39;7074;49;0,6;103910;714;0,7;
2020-U37;40-64;5880;40;1,3;112046;766;0,7;
2020-U37;65-79;3274;21;2,2;29309;184;0,6;
2020-U37;80+;2910;15;3,6;8168;43;0,5;
2020-U38;00-02;2947;11;0,5;5483;21;0,4;
2020-U38;03-05;2819;18;0,0;5183;33;0,6;
2020-U38;06-11;4732;35;0,0;17924;131;0,7;
2020-U38;12-15;8686;52;0,7;23783;142;0,6;
2020-U38;16-19;10741;113;0,0;29468;310;1,1;
2020-U38;20-39;7604;81;1,0;111695;1197;1,1;
2020-U38;40-64;6262;55;1,5;119334;1054;0,9;
2020-U38;65-79;3617;25;3,2;32379;225;0,7;
2020-U38;80+;3279;25;7,1;9204;71;0,8;
2020-U39;00-02;2814;18;0,5;5235;33;0,6;
2020-U39;03-05;3085;30;0,0;5673;56;1,0;
2020-U39;06-11;4538;57;0,0;17189;215;1,3;
2020-U39;12-15;7408;74;0,0;20283;203;1,0;
2020-U39;16-19;10364;139;0,4;28433;382;1,3;
2020-U39;20-39;7727;88;1,0;113501;1298;1,1;
2020-U39;40-64;6316;59;1,7;120349;1124;0,9;
2020-U39;65-79;3622;26;4,5;32418;230;0,7;
2020-U39;80+;3371;26;10,0;9461;74;0,8;
2020-U40;00-02;2438;20;0,0;4536;38;0,8;
2020-U40;03-05;2670;30;0,0;4910;56;1,1;
2020-U40;06-11;3721;43;0,0;14095;162;1,2;
2020-U40;12-15;6454;66;0,4;17672;180;1,0;
2020-U40;16-19;8082;104;0,0;22172;284;1,3;
2020-U40;20-39;6736;62;0,5;98955;913;0,9;
2020-U40;40-64;5671;49;2,4;108063;925;0,9;
2020-U40;65-79;3403;23;3,8;30461;202;0,7;
2020-U40;80+;3218;15;8,6;9032;43;0,5;
2020-U41;00-02;2255;15;0,0;4226;28;0,7;
2020-U41;03-05;2842;16;0,0;5258;29;0,6;
2020-U41;06-11;3946;34;0,3;14963;129;0,9;
2020-U41;12-15;5954;72;0,4;16362;197;1,2;
2020-U41;16-19;7386;85;0,0;20396;234;1,2;
2020-U41;20-39;6380;57;0,5;94638;850;0,9;
2020-U41;40-64;5645;49;1,7;107808;928;0,9;
2020-U41;65-79;3148;24;2,7;28241;213;0,8;
2020-U41;80+;2986;25;6,4;8416;70;0,8;
2020-U42;00-02;1873;19;0,0;3510;35;1,0;
2020-U42;03-05;2004;22;0,0;3709;41;1,1;
2020-U42;06-11;2578;37;0,0;9775;142;1,5;
2020-U42;12-15;3763;62;0,0;10341;170;1,6;
2020-U42;16-19;5605;95;0,0;15476;263;1,7;
2020-U42;20-39;5395;74;0,9;80024;1096;1,4;
2020-U42;40-64;4489;54;1,9;85737;1039;1,2;
2020-U42;65-79;2774;32;4,2;24883;287;1,2;
2020-U42;80+;2953;27;11,0;8324;77;0,9;
2020-U43;00-02;2365;40;0,5;4432;75;1,7;
2020-U43;03-05;2809;43;0,0;5198;80;1,5;
2020-U43;06-11;3748;78;0,3;14212;295;2,1;
2020-U43;12-15;5900;111;0,0;16215;304;1,9;
2020-U43;16-19;9269;226;0,4;25594;625;2,4;
2020-U43;20-39;7335;137;1,4;108804;2034;1,9;
2020-U43;40-64;6467;98;2,1;123508;1879;1,5;
2020-U43;65-79;3686;44;5,5;33060;393;1,2;
2020-U43;80+;3516;33;10,6;9910;92;0,9;
2020-U44;00-02;3599;45;0,5;6746;85;1,3;
2020-U44;03-05;5020;59;0,0;9289;109;1,2;
2020-U44;06-11;7490;124;0,0;28400;472;1,7;
2020-U44;12-15;11455;211;1,1;31481;581;1,9;
2020-U44;16-19;12598;244;1,1;34786;673;1,9;
2020-U44;20-39;9157;168;1,4;135834;2492;1,8;
2020-U44;40-64;8061;129;4,1;153945;2463;1,6;
2020-U44;65-79;4305;54;6,9;38616;488;1,3;
2020-U44;80+;4130;41;13,8;11642;116;1,0;
2020-U45;00-02;4101;64;1,1;7634;120;1,6;
2020-U45;03-05;5565;87;0,0;10272;161;1,6;
2020-U45;06-11;8432;132;0,3;31816;497;1,6;
2020-U45;12-15;12576;209;0,4;34518;573;1,7;
2020-U45;16-19;11317;196;0,4;31155;540;1,7;
2020-U45;20-39;9308;160;2,0;137174;2363;1,7;
2020-U45;40-64;8941;130;4,0;170412;2472;1,5;
2020-U45;65-79;4761;56;9,4;42693;500;1,2;
2020-U45;80+;4441;41;13,1;12550;115;0,9;
2020-U46;00-02;3770;58;0,5;7017;108;1,5;
2020-U46;03-05;5620;64;0,0;10373;118;1,1;
2020-U46;06-11;9337;136;0,0;35231;512;1,5;
2020-U46;12-15;12602;180;0,4;34590;493;1,4;
2020-U46;16-19;10968;224;1,5;30194;617;2,0;
2020-U46;20-39;9528;163;1,8;140420;2403;1,7;
2020-U46;40-64;9463;133;4,6;180359;2536;1,4;
2020-U46;65-79;5888;55;9,0;52801;493;0,9;
2020-U46;80+;5456;50;17,3;15416;140;0,9;
2020-U47;00-02;3807;53;1,6;7086;99;1,4;
2020-U47;03-05;5789;72;0,0;10686;133;1,2;
2020-U47;06-11;9665;146;0,0;36468;551;1,5;
2020-U47;12-15;13303;246;0,0;36515;674;1,9;
2020-U47;16-19;12174;250;0,4;33515;687;2,1;
2020-U47;20-39;9493;180;1,7;139910;2651;1,9;
2020-U47;40-64;9526;146;4,1;181565;2783;1,5;
2020-U47;65-79;5667;64;8,6;50812;576;1,1;
2020-U47;80+;5729;76;28,3;16189;215;1,3;
2020-U48;00-02;3443;46;2,1;6409;86;1,3;
2020-U48;03-05;5928;75;0,0;10941;139;1,3;
2020-U48;06-11;9797;149;0,0;36969;561;1,5;
2020-U48;12-15;12951;236;0,0;35548;648;1,8;
2020-U48;16-19;12869;304;0,4;35428;838;2,4;
2020-U48;20-39;9564;188;0,9;140956;2772;2,0;
2020-U48;40-64;9407;151;4,4;179305;2870;1,6;
2020-U48;65-79;5423;67;7,8;48632;602;1,2;
2020-U48;80+;5713;74;23,4;16143;209;1,3;
2020-U49;00-02;3753;61;1,1;6969;114;1,6;
2020-U49;03-05;5749;108;0,0;10634;200;1,9;
2020-U49;06-11;10280;212;0,3;38717;799;2,1;
2020-U49;12-15;14681;373;0,0;40306;1023;2,5;
2020-U49;16-19;16111;484;0,7;44292;1333;3,0;
2020-U49;20-39;10856;280;2,0;160097;4131;2,6;
2020-U49;40-64;10110;217;3,7;192547;4127;2,1;
2020-U49;65-79;5093;85;13,2;45695;765;1,7;
2020-U49;80+;5303;88;32,6;15026;250;1,7;
2020-U50;00-02;5114;136;1,6;9495;252;2,7;
2020-U50;03-05;7683;159;0,5;14211;295;2,1;
2020-U50;06-11;13031;353;0,5;49076;1331;2,7;
2020-U50;12-15;16633;554;1,1;45666;1520;3,3;
2020-U50;16-19;19633;665;1,8;53976;1827;3,4;
2020-U50;20-39;15347;523;2,5;226328;7714;3,4;
2020-U50;40-64;12609;375;7,5;240149;7146;3,0;
2020-U50;65-79;5724;152;17,2;51350;1360;2,7;
2020-U50;80+;5420;161;42,7;15357;457;3,0;
2020-U51;00-02;7108;185;3,8;13199;344;2,6;
2020-U51;03-05;12071;252;1,1;22326;466;2,1;
2020-U51;06-11;15973;442;0,8;60158;1665;2,8;
2020-U51;12-15;15809;480;0,7;43403;1319;3,0;
2020-U51;16-19;19775;721;2,5;54366;1983;3,7;
2020-U51;20-39;20588;542;4,3;303619;8000;2,6;
2020-U51;40-64;16427;430;12,2;312860;8195;2,6;
2020-U51;65-79;8100;223;29,0;72672;1998;2,8;
2020-U51;80+;6964;234;76,2;19731;662;3,4;
2020-U52;00-02;5140;172;4,3;9545;319;3,3;
2020-U52;03-05;9295;226;0,0;17192;418;2,4;
2020-U52;06-11;10792;331;0,8;40643;1246;3,1;
2020-U52;12-15;10337;284;0,7;28380;781;2,8;
2020-U52;16-19;14342;385;2,2;39429;1059;2,7;
2020-U52;20-39;14177;350;4,7;209076;5162;2,5;
2020-U52;40-64;13088;307;12,4;249261;5854;2,4;
2020-U52;65-79;6090;163;35,9;54636;1465;2,7;
2020-U52;80+;5917;242;85,1;16764;685;4,1;
2020-U53;00-02;2400;106;1,6;4456;196;4,4;
2020-U53;03-05;4383;161;0,0;8106;297;3,7;
2020-U53;06-11;5292;205;0,3;19932;771;3,9;
2020-U53;12-15;7164;232;0,0;19669;636;3,2;
2020-U53;16-19;13794;309;3,3;37923;850;2,2;
2020-U53;20-39;12846;304;3,9;189444;4488;2,4;
2020-U53;40-64;10460;256;11,7;199221;4870;2,4;
2020-U53;65-79;5621;169;33,9;50428;1518;3,0;
2020-U53;80+;6287;297;99,9;17814;842;4,7;
2021-U01;00-02;2318;108;2,7;4281;200;4,7;
2021-U01;03-05;3966;126;0,5;7311;232;3,2;
2021-U01;06-11;4006;151;0,3;14973;566;3,8;
2021-U01;12-15;6351;168;0,4;17352;458;2,6;
2021-U01;16-19;13634;272;1,1;37292;745;2,0;
2021-U01;20-39;12562;238;3,5;184504;3502;1,9;
2021-U01;40-64;12236;202;10,8;231806;3832;1,7;
2021-U01;65-79;6487;117;26,3;57955;1042;1,8;
2021-U01;80+;6910;244;93,5;19513;690;3,5;
2021-U02;00-02;2646;74;3,2;4887;137;2,8;
2021-U02;03-05;4683;98;0,0;8633;181;2,1;
2021-U02;06-11;3945;90;0,0;14744;338;2,3;
2021-U02;12-15;5484;92;0,4;14982;250;1,7;
2021-U02;16-19;9541;131;1,1;26097;359;1,4;
2021-U02;20-39;11737;137;1,9;172394;2005;1,2;
2021-U02;40-64;14982;134;8,9;283821;2542;0,9;
2021-U02;65-79;6914;73;23,6;61772;652;1,1;
2021-U02;80+;7002;186;65,5;19772;524;2,7;
2021-U03;00-02;2872;56;1,6;5304;103;1,9;
2021-U03;03-05;5049;80;0,0;9307;148;1,6;
2021-U03;06-11;4370;69;0,0;16334;259;1,6;
2021-U03;12-15;6096;74;0,4;16655;203;1,2;
2021-U03;16-19;10612;82;1,1;29026;225;0,8;
2021-U03;20-39;14851;110;2,5;218127;1610;0,7;
2021-U03;40-64;19646;101;7,1;372185;1908;0,5;
2021-U03;65-79;7631;57;18,4;68176;508;0,8;
2021-U03;80+;6747;119;65,9;19052;335;1,8;
2021-U04;00-02;2679;50;0,5;4948;93;1,9;
2021-U04;03-05;4622;67;0,0;8520;123;1,4;
2021-U04;06-11;4287;52;0,0;16023;193;1,2;
2021-U04;12-15;6332;60;0,0;17299;163;0,9;
2021-U04;16-19;11274;63;0,7;30838;171;0,6;
2021-U04;20-39;15586;72;2,0;228925;1053;0,5;
2021-U04;40-64;20771;66;4,4;393489;1251;0,3;
2021-U04;65-79;7609;39;10,6;67978;344;0,5;
2021-U04;80+;6185;72;33,6;17465;204;1,2;
2021-U05;00-02;2297;40;1,6;4237;73;1,7;
2021-U05;03-05;4178;42;0,0;7714;78;1,0;
2021-U05;06-11;5735;47;0,3;21396;176;0,8;
2021-U05;12-15;6592;48;0,0;18006;131;0,7;
2021-U05;16-19;11942;54;0,7;32632;147;0,5;
2021-U05;20-39;16131;67;1,0;236888;987;0,4;
2021-U05;40-64;21632;55;2,6;409653;1048;0,3;
2021-U05;65-79;7307;35;9,4;65345;309;0,5;
2021-U05;80+;5520;50;19,1;15586;141;0,9;
2021-U06;00-02;2281;24;1,1;4207;44;1,1;
2021-U06;03-05;4557;41;0,0;8414;76;0,9;
2021-U06;06-11;6810;60;0,3;25405;224;0,9;
2021-U06;12-15;8538;49;0,7;23321;135;0,6;
2021-U06;16-19;13451;53;0,4;36756;145;0,4;
2021-U06;20-39;16241;58;1,0;238503;855;0,4;
2021-U06;40-64;21688;49;2,9;410714;936;0,2;
2021-U06;65-79;7311;25;7,2;65382;224;0,3;
2021-U06;80+;4927;26;13,8;13912;73;0,5;
2021-U07;00-02;2479;47;0,5;4572;87;1,9;
2021-U07;03-05;5212;80;0,5;9622;148;1,5;
2021-U07;06-11;8156;81;0,0;30429;303;1,0;
2021-U07;12-15;9047;56;0,4;24711;152;0,6;
2021-U07;16-19;14220;77;0,4;38857;210;0,5;
2021-U07;20-39;16480;75;1,0;242000;1099;0,5;
2021-U07;40-64;21859;57;2,8;413955;1075;0,3;
2021-U07;65-79;8367;25;4,5;74818;227;0,3;
2021-U07;80+;4907;22;13,8;13855;61;0,4;
2021-U08;00-02;2956;53;0,5;5451;97;1,8;
2021-U08;03-05;6038;69;0,5;11148;127;1,1;
2021-U08;06-11;9916;89;0,3;36995;331;0,9;
2021-U08;12-15;12377;70;0,0;33808;190;0,6;
2021-U08;16-19;18526;83;0,4;50623;226;0,5;
2021-U08;20-39;18509;83;1,9;271797;1225;0,5;
2021-U08;40-64;24512;61;3,7;464197;1155;0,3;
2021-U08;65-79;10344;28;4,7;92502;253;0,3;
2021-U08;80+;5503;31;10,6;15540;88;0,6;
2021-U09;00-02;3219;46;0,0;5939;84;1,4;
2021-U09;03-05;7050;69;0,0;13041;128;1,0;
2021-U09;06-11;12432;106;0,0;46287;393;0,9;
2021-U09;12-15;13229;70;0,0;36115;190;0,5;
2021-U09;16-19;18475;88;1,5;50435;239;0,5;
2021-U09;20-39;20146;79;1,7;295848;1154;0,4;
2021-U09;40-64;26524;60;3,7;502128;1143;0,2;
2021-U09;65-79;10996;25;6,3;98410;223;0,2;
2021-U09;80+;5491;24;11,7;15513;68;0,4;
2021-U10;00-02;3331;43;0,5;6146;79;1,3;
2021-U10;03-05;7395;79;0,0;13679;147;1,1;
2021-U10;06-11;14718;110;0,0;54798;411;0,8;
2021-U10;12-15;20449;77;0,0;55826;210;0,4;
2021-U10;16-19;26576;99;0,7;72550;269;0,4;
2021-U10;20-39;19957;86;1,3;293070;1256;0,4;
2021-U10;40-64;25984;64;4,0;491906;1209;0,3;
2021-U10;65-79;10068;21;5,7;90108;187;0,2;
2021-U10;80+;4874;19;8,1;13769;53;0,4;
2021-U11;00-02;3491;48;0,5;6441;88;1,4;
2021-U11;03-05;7699;84;0,0;14242;156;1,1;
2021-U11;06-11;18019;141;0,0;67092;524;0,8;
2021-U11;12-15;30210;99;0,0;82476;269;0,3;
2021-U11;16-19;29524;122;0,4;80597;332;0,4;
2021-U11;20-39;20237;99;1,0;297179;1458;0,5;
2021-U11;40-64;26763;74;4,0;506646;1401;0,3;
2021-U11;65-79;10334;27;5,1;92484;246;0,3;
2021-U11;80+;4775;17;8,5;13489;48;0,4;
2021-U12;00-02;3562;55;0,5;6572;102;1,6;
2021-U12;03-05;8479;69;0,0;15685;127;0,8;
2021-U12;06-11;18402;138;0,0;68517;514;0,8;
2021-U12;12-15;23330;100;0,0;63692;274;0,4;
2021-U12;16-19;21727;130;0,7;59313;354;0,6;
2021-U12;20-39;21362;116;2,7;313696;1707;0,5;
2021-U12;40-64;26971;85;5,0;510587;1608;0,3;
2021-U12;65-79;11098;31;6,7;99321;281;0,3;
2021-U12;80+;4577;21;4,6;12930;60;0,5;
2021-U13;00-02;2942;40;0,0;5427;73;1,4;
2021-U13;03-05;8187;74;0,5;15145;136;0,9;
2021-U13;06-11;17028;101;0,3;63401;375;0,6;
2021-U13;12-15;23449;87;0,4;64018;238;0,4;
2021-U13;16-19;25168;134;0,4;68707;365;0,5;
2021-U13;20-39;20961;100;2,0;307805;1467;0,5;
2021-U13;40-64;25157;74;4,6;476253;1409;0,3;
2021-U13;65-79;12396;30;7,2;110941;267;0,2;
2021-U13;80+;4546;20;9,2;12841;57;0,4;
2021-U14;00-02;2018;38;0,5;3726;70;1,9;
2021-U14;03-05;4876;58;0,0;9035;107;1,2;
2021-U14;06-11;13818;83;0,3;51378;310;0,6;
2021-U14;12-15;24771;101;0,0;67592;275;0,4;
2021-U14;16-19;22080;174;0,4;60243;475;0,8;
2021-U14;20-39;22151;106;2,2;325442;1558;0,5;
2021-U14;40-64;29940;73;4,1;566535;1378;0,2;
2021-U14;65-79;15229;30;5,7;136502;268;0,2;
2021-U14;80+;5372;18;5,6;15230;51;0,3;
2021-U15;00-02;3366;50;1,1;6216;92;1,5;
2021-U15;03-05;7106;85;0,0;13167;157;1,2;
2021-U15;06-11;14101;125;0,0;52429;466;0,9;
2021-U15;12-15;20138;111;0,0;54949;302;0,6;
2021-U15;16-19;19587;180;0,4;53441;490;0,9;
2021-U15;20-39;24419;117;2,2;358778;1715;0,5;
2021-U15;40-64;30111;80;4,0;569770;1519;0,3;
2021-U15;65-79;12931;24;6,2;115901;219;0,2;
2021-U15;80+;4736;13;4,9;13425;37;0,3;
2021-U16;00-02;3878;35;2,2;7161;64;0,9;
2021-U16;03-05;7872;80;0,0;14587;149;1,0;
2021-U16;06-11;14728;128;0,0;54760;477;0,9;
2021-U16;12-15;19811;130;0,0;54058;354;0,7;
2021-U16;16-19;18353;138;1,1;50075;376;0,8;
2021-U16;20-39;25834;106;2,5;379556;1552;0,4;
2021-U16;40-64;31036;82;3,6;587271;1551;0,3;
2021-U16;65-79;12538;24;4,7;112380;217;0,2;
2021-U16;80+;4067;14;4,9;11531;39;0,3;
2021-U17;00-02;3466;44;0,5;6400;81;1,3;
2021-U17;03-05;7438;68;0,0;13782;126;0,9;
2021-U17;06-11;14574;114;0,0;54187;424;0,8;
2021-U17;12-15;19246;118;0,4;52515;322;0,6;
2021-U17;16-19;17934;177;0,4;48931;482;1,0;
2021-U17;20-39;24510;135;1,8;360104;1988;0,6;
2021-U17;40-64;29477;92;4,2;557767;1742;0,3;
2021-U17;65-79;10966;27;4,7;98292;244;0,3;
2021-U17;80+;3457;7;3,2;9799;21;0,2;
2021-U18;00-02;3909;54;0,0;7223;100;1,4;
2021-U18;03-05;7715;72;0,0;14326;133;0,9;
2021-U18;06-11;14694;118;0,3;54497;436;0,8;
2021-U18;12-15;20119;136;0,0;54907;370;0,7;
2021-U18;16-19;18671;298;0,0;50897;812;1,6;
2021-U18;20-39;26220;161;2,4;385434;2365;0,6;
2021-U18;40-64;32668;104;4,5;617902;1969;0,3;
2021-U18;65-79;12445;30;3,7;111701;272;0,2;
2021-U18;80+;3581;9;2,8;10201;27;0,3;
2021-U19;00-02;3830;61;1,1;7077;112;1,6;
2021-U19;03-05;8821;82;0,5;16378;152;0,9;
2021-U19;06-11;16100;150;0,0;59714;558;0,9;
2021-U19;12-15;21871;171;0,4;59686;468;0,8;
2021-U19;16-19;22683;364;1,1;61833;992;1,6;
2021-U19;20-39;25244;183;2,4;371096;2689;0,7;
2021-U19;40-64;31526;105;5,0;596306;1995;0,3;
2021-U19;65-79;11231;26;5,5;100803;230;0,2;
2021-U19;80+;2781;9;2,1;7923;27;0,3;
2021-U20;00-02;3244;54;3,2;5995;99;1,7;
2021-U20;03-05;6991;72;0,0;12981;133;1,0;
2021-U20;06-11;13034;101;0,3;48340;373;0,8;
2021-U20;12-15;18106;150;0,4;49411;409;0,8;
2021-U20;16-19;21615;357;0,0;58922;973;1,7;
2021-U20;20-39;24861;186;1,6;365462;2730;0,8;
2021-U20;40-64;30252;103;4,9;572213;1950;0,3;
2021-U20;65-79;9257;22;1,7;83088;196;0,2;
2021-U20;80+;2413;3;0,4;6875;9;0,1;
2021-U21;00-02;3116;42;1,1;5759;78;1,4;
2021-U21;03-05;6733;74;0,0;12502;137;1,1;
2021-U21;06-11;12674;100;0,3;47006;371;0,8;
2021-U21;12-15;18592;154;0,4;50739;420;0,8;
2021-U21;16-19;18871;315;0,7;51440;859;1,7;
2021-U21;20-39;22050;190;2,2;324142;2791;0,9;
2021-U21;40-64;26174;102;4,3;495064;1934;0,4;
2021-U21;65-79;5110;12;2,3;45868;105;0,2;
2021-U21;80+;1910;7;1,8;5442;21;0,4;
2021-U22;00-02;2992;43;1,6;5527;80;1,5;
2021-U22;03-05;6869;47;0,0;12792;87;0,7;
2021-U22;06-11;11627;110;0,0;43031;409;1,0;
2021-U22;12-15;16964;149;0,4;46275;407;0,9;
2021-U22;16-19;18582;307;0,4;50646;837;1,7;
2021-U22;20-39;20564;159;2,2;302450;2339;0,8;
2021-U22;40-64;22736;75;3,2;429979;1412;0,3;
2021-U22;65-79;4230;9;1,6;38008;81;0,2;
2021-U22;80+;1877;7;3,2;5370;21;0,4;
2021-U23;00-02;2140;23;0,5;3953;42;1,1;
2021-U23;03-05;4840;25;0,0;9014;46;0,5;
2021-U23;06-11;8788;49;0,0;32523;183;0,6;
2021-U23;12-15;13623;67;1,5;37160;184;0,5;
2021-U23;16-19;13741;116;1,1;37450;317;0,9;
2021-U23;20-39;17445;88;0,9;256578;1288;0,5;
2021-U23;40-64;17462;38;2,9;330235;711;0,2;
2021-U23;65-79;3021;5;0,9;27141;45;0,2;
2021-U23;80+;1453;4;1,4;4159;12;0,3;
2021-U24;00-02;1539;15;0,5;2842;28;1,0;
2021-U24;03-05;3720;19;0,0;6928;35;0,5;
2021-U24;06-11;6877;31;0,3;25451;115;0,5;
2021-U24;12-15;10928;36;0,4;29808;97;0,3;
2021-U24;16-19;10666;67;1,1;29070;182;0,6;
2021-U24;20-39;15123;52;1,2;222427;762;0,3;
2021-U24;40-64;13139;21;1,5;248475;398;0,2;
2021-U24;65-79;2259;3;0,8;20297;26;0,1;
2021-U24;80+;1163;5;2,4;3328;13;0,4;
2021-U25;00-02;1531;8;0,5;2828;15;0,5;
2021-U25;03-05;3806;13;0,0;7088;25;0,4;
2021-U25;06-11;7466;19;0,0;27633;70;0,3;
2021-U25;12-15;10877;25;0,4;29670;69;0,2;
2021-U25;16-19;8798;38;0,0;23979;104;0,4;
2021-U25;20-39;14880;49;0,9;218848;717;0,3;
2021-U25;40-64;11083;15;0,7;209606;282;0,1;
2021-U25;65-79;2120;2;0,9;19048;18;0,1;
2021-U25;80+;1027;1;0,3;2940;4;0,1;
2021-U26;00-02;2311;18;1,1;4268;34;0,8;
2021-U26;03-05;6294;17;0,0;11721;32;0,3;
2021-U26;06-11;9633;20;0,0;35653;74;0,2;
2021-U26;12-15;14257;40;0,4;38889;109;0,3;
2021-U26;16-19;14352;159;1,1;39117;433;1,1;
2021-U26;20-39;17627;105;0,8;259248;1548;0,6;
2021-U26;40-64;11657;22;0,3;220454;423;0,2;
2021-U26;65-79;2268;3;0,2;20382;30;0,2;
2021-U26;80+;1176;1;1,0;3366;4;0,1;
2021-U27;00-02;2297;21;1,1;4245;39;0,9;
2021-U27;03-05;6098;31;0,0;11378;58;0,5;
2021-U27;06-11;9639;37;0,3;35625;137;0,4;
2021-U27;12-15;14859;80;0,0;40526;217;0,5;
2021-U27;16-19;17462;225;0,4;47536;612;1,3;
2021-U27;20-39;18477;191;1,4;271945;2812;1,0;
2021-U27;40-64;11339;37;0,5;214411;699;0,3;
2021-U27;65-79;2419;6;0,9;21756;58;0,3;
2021-U27;80+;1317;4;1,0;3783;11;0,3;
2021-U28;00-02;2072;38;1,1;3829;71;1,9;
2021-U28;03-05;5550;56;0,5;10355;104;1,0;
2021-U28;06-11;9017;57;0,3;33325;212;0,6;
2021-U28;12-15;14289;110;0,0;38973;299;0,8;
2021-U28;16-19;16555;323;0,4;45066;880;2,0;
2021-U28;20-39;17821;294;2,0;262292;4328;1,7;
2021-U28;40-64;10068;46;0,8;190374;874;0,5;
2021-U28;65-79;2266;8;1,0;20382;71;0,4;
2021-U28;80+;1477;8;1,4;4241;22;0,5;
2021-U29;00-02;1410;37;0,5;2605;68;2,6;
2021-U29;03-05;3776;55;0,0;7045;103;1,5;
2021-U29;06-11;7199;78;0,0;26608;287;1,1;
2021-U29;12-15;12084;130;0,4;32958;354;1,1;
2021-U29;16-19;12673;233;1,1;34499;635;1,8;
2021-U29;20-39;14493;205;2,0;213300;3019;1,4;
2021-U29;40-64;8133;38;0,8;153800;711;0,5;
2021-U29;65-79;2112;10;0,8;18996;89;0,5;
2021-U29;80+;1430;12;3,5;4107;34;0,8;
2021-U30;00-02;1170;41;1,1;2162;76;3,5;
2021-U30;03-05;3289;80;0,0;6136;150;2,4;
2021-U30;06-11;6156;113;0,5;22752;416;1,8;
2021-U30;12-15;10111;152;0,4;27576;415;1,5;
2021-U30;16-19;10671;262;0,0;29048;714;2,5;
2021-U30;20-39;12557;231;2,1;184811;3406;1,8;
2021-U30;40-64;7510;52;1,7;142008;983;0,7;
2021-U30;65-79;2229;12;1,0;20043;110;0,6;
2021-U30;80+;1549;9;1,7;4449;26;0,6;
2021-U31;00-02;1346;55;1,6;2488;102;4,1;
2021-U31;03-05;3810;88;0,0;7122;165;2,3;
2021-U31;06-11;6935;158;0,0;25599;585;2,3;
2021-U31;12-15;11024;204;0,4;30057;555;1,9;
2021-U31;16-19;9093;226;0,4;24731;616;2,5;
2021-U31;20-39;10911;205;1,4;160691;3026;1,9;
2021-U31;40-64;7422;61;1,8;140349;1157;0,8;
2021-U31;65-79;2261;16;1,3;20352;145;0,7;
2021-U31;80+;1605;12;3,8;4626;36;0,8;
2021-U32;00-02;2275;83;2,7;4205;153;3,6;
2021-U32;03-05;5516;142;0,5;10311;265;2,6;
2021-U32;06-11;7549;221;0,3;27867;817;2,9;
2021-U32;12-15;9794;250;0,7;26704;682;2,6;
2021-U32;16-19;7492;201;0,7;20376;548;2,7;
2021-U32;20-39;10315;199;2,9;151916;2933;1,9;
2021-U32;40-64;7262;68;2,4;137321;1288;0,9;
2021-U32;65-79;2467;19;1,8;22212;172;0,8;
2021-U32;80+;1798;19;4,9;5181;56;1,1;
2021-U33;00-02;3099;92;4,3;5727;170;3,0;
2021-U33;03-05;8362;158;1,1;15633;296;1,9;
2021-U33;06-11;12935;343;0,3;47746;1265;2,7;
2021-U33;12-15;14238;287;0,4;38818;783;2,0;
2021-U33;16-19;9681;164;1,1;26329;445;1,7;
2021-U33;20-39;10222;160;3,8;150539;2349;1,6;
2021-U33;40-64;8288;68;3,2;156737;1293;0,8;
2021-U33;65-79;2676;26;3,2;24088;230;1,0;
2021-U33;80+;1776;23;4,9;5119;67;1,3;
2021-U34;00-02;3640;77;0,5;6727;142;2,1;
2021-U34;03-05;9326;136;0,0;17434;255;1,5;
2021-U34;06-11;15363;354;0,5;56709;1305;2,3;
2021-U34;12-15;15373;245;0,7;41914;667;1,6;
2021-U34;16-19;9747;126;1,5;26510;343;1,3;
2021-U34;20-39;9938;124;2,8;146359;1825;1,3;
2021-U34;40-64;9166;74;2,4;173330;1394;0,8;
2021-U34;65-79;3096;29;3,8;27876;259;0,9;
2021-U34;80+;2045;26;7,6;5895;74;1,3;
2021-U35;00-02;2852;37;1,6;5271;68;1,3;
2021-U35;03-05;6514;89;0,5;12177;166;1,4;
2021-U35;06-11;10060;232;0,3;37134;855;2,3;
2021-U35;12-15;10930;160;0,7;29799;437;1,5;
2021-U35;16-19;7129;78;0,4;19390;213;1,1;
2021-U35;20-39;8111;92;2,6;119458;1352;1,1;
2021-U35;40-64;7455;58;2,7;140979;1093;0,8;
2021-U35;65-79;2849;23;2,7;25653;209;0,8;
2021-U35;80+;2183;29;9,4;6293;83;1,3;
2021-U36;00-02;2123;33;0,5;3931;61;1,6;
2021-U36;03-05;4713;65;0,5;8822;121;1,4;
2021-U36;06-11;6673;163;0,0;24600;602;2,5;
2021-U36;12-15;6949;85;0,4;18962;231;1,2;
2021-U36;16-19;5892;58;0,0;16035;158;1,0;
2021-U36;20-39;6791;71;1,8;100073;1048;1,1;
2021-U36;40-64;6353;40;2,2;120131;756;0,6;
2021-U36;65-79;2722;20;2,8;24533;184;0,8;
2021-U36;80+;2261;24;7,6;6541;70;1,1;
2021-U37;00-02;1467;17;0,5;2715;31;1,1;
2021-U37;03-05;3509;33;0,0;6567;61;0,9;
2021-U37;06-11;5274;122;0,5;19443;450;2,3;
2021-U37;12-15;4949;61;0,0;13505;166;1,2;
2021-U37;16-19;4454;29;0,0;12122;79;0,7;
2021-U37;20-39;5380;46;0,8;79289;682;0,9;
2021-U37;40-64;5319;27;1,2;100577;519;0,5;
2021-U37;65-79;2454;15;1,8;22116;138;0,6;
2021-U37;80+;1829;18;6,6;5293;51;1,0;
2021-U38;00-02;1384;17;0,5;2563;32;1,3;
2021-U38;03-05;3545;40;0,0;6635;75;1,1;
2021-U38;06-11;5472;140;0,3;20170;516;2,6;
2021-U38;12-15;4316;71;0,0;11777;195;1,7;
2021-U38;16-19;3695;36;0,4;10057;99;1,0;
2021-U38;20-39;4639;47;0,6;68359;688;1,0;
2021-U38;40-64;4982;32;1,1;94211;612;0,7;
2021-U38;65-79;2354;22;2,6;21218;199;0,9;
2021-U38;80+;1818;27;9,0;5260;79;1,5;
2021-U39;00-02;1198;23;0,5;2217;43;1,9;
2021-U39;03-05;3182;43;0,0;5955;81;1,4;
2021-U39;06-11;6130;181;0,0;22597;667;3,0;
2021-U39;12-15;4562;71;0,4;12449;193;1,6;
2021-U39;16-19;3812;42;0,4;10374;113;1,1;
2021-U39;20-39;4447;57;1,0;65532;835;1,3;
2021-U39;40-64;5069;43;1,1;95846;814;0,9;
2021-U39;65-79;2513;24;2,6;22643;212;0,9;
2021-U39;80+;1926;19;4,1;5572;56;1,0;
2021-U40;00-02;1260;32;0,5;2339;60;2,6;
2021-U40;03-05;3756;69;0,0;7029;130;1,9;
2021-U40;06-11;7601;241;0,0;27999;889;3,2;
2021-U40;12-15;5453;93;0,7;14881;254;1,7;
2021-U40;16-19;4338;57;0,7;11860;156;1,3;
2021-U40;20-39;4781;74;1,4;70654;1096;1,6;
2021-U40;40-64;5489;57;1,2;103775;1072;1,0;
2021-U40;65-79;2545;34;1,8;22953;303;1,3;
2021-U40;80+;1919;29;8,6;5564;85;1,5;
2021-U41;00-02;1328;27;0,5;2465;50;2,0;
2021-U41;03-05;4387;72;0,0;8210;135;1,6;
2021-U41;06-11;11528;269;0,3;42462;990;2,3;
2021-U41;12-15;10357;99;0,0;28262;271;1,0;
2021-U41;16-19;7316;69;0,0;20003;188;0,9;
2021-U41;20-39;6443;93;1,3;95215;1380;1,5;
2021-U41;40-64;7343;78;1,6;138833;1470;1,1;
2021-U41;65-79;3068;50;4,9;27665;447;1,6;
2021-U41;80+;2248;35;9,7;6516;102;1,6;
2021-U42;00-02;1538;51;1,1;2854;94;3,3;
2021-U42;03-05;4865;139;0,0;9105;261;2,9;
2021-U42;06-11;9816;311;0,3;36157;1146;3,2;
2021-U42;12-15;9025;166;0,4;24628;453;1,8;
2021-U42;16-19;7126;113;1,1;19485;310;1,6;
2021-U42;20-39;7720;170;2,2;114101;2513;2,2;
2021-U42;40-64;9981;145;2,3;188697;2748;1,5;
2021-U42;65-79;6550;108;6,4;59067;970;1,6;
2021-U42;80+;4342;77;20,7;12588;224;1,8;
2021-U43;00-02;2075;86;1,1;3850;160;4,2;
2021-U43;03-05;7291;190;0,0;13645;356;2,6;
2021-U43;06-11;12496;450;0,3;46029;1656;3,6;
2021-U43;12-15;11727;229;0,7;32001;626;2,0;
2021-U43;16-19;9890;206;0,7;27041;562;2,1;
2021-U43;20-39;10912;232;2,6;161266;3425;2,1;
2021-U43;40-64;13508;194;3,3;255376;3670;1,4;
2021-U43;65-79;8201;136;9,2;73956;1230;1,7;
2021-U43;80+;5411;91;19,0;15687;264;1,7;
2021-U44;00-02;3448;104;2,2;6325;190;3,0;
2021-U44;03-05;13730;280;0,0;25697;524;2,0;
2021-U44;06-11;23963;947;1,4;88228;3487;4,0;
2021-U44;12-15;17732;310;1,1;48332;846;1,8;
2021-U44;16-19;12650;221;0,0;34661;605;1,8;
2021-U44;20-39;13789;279;3,4;204269;4127;2,0;
2021-U44;40-64;17147;242;4,2;324165;4569;1,4;
2021-U44;65-79;9163;153;9,3;82747;1383;1,7;
2021-U44;80+;5908;107;23,3;17252;311;1,8;
2021-U45;00-02;4656;159;2,2;8540;291;3,4;
2021-U45;03-05;17941;389;0,0;33579;729;2,2;
2021-U45;06-11;30919;1339;0,0;113837;4929;4,3;
2021-U45;12-15;22933;468;1,1;62510;1277;2,0;
2021-U45;16-19;15670;304;1,5;42937;834;1,9;
2021-U45;20-39;17849;402;2,6;264419;5956;2,3;
2021-U45;40-64;22247;350;4,6;420576;6618;1,6;
2021-U45;65-79;11488;203;14,3;103740;1830;1,8;
2021-U45;80+;6672;130;30,1;19481;381;2,0;
2021-U46;00-02;5615;200;4,9;10300;366;3,6;
2021-U46;03-05;20924;528;0,0;39162;989;2,5;
2021-U46;06-11;34986;1572;1,9;128810;5789;4,5;
2021-U46;12-15;26071;558;0,4;71064;1522;2,1;
2021-U46;16-19;16115;412;0,4;44155;1128;2,6;
2021-U46;20-39;19544;496;3,6;289523;7347;2,5;
2021-U46;40-64;24022;442;5,7;454135;8355;1,8;
2021-U46;65-79;10906;253;14,9;98485;2285;2,3;
2021-U46;80+;6287;156;42,8;18359;455;2,5;
2021-U47;00-02;5913;205;4,9;10846;376;3,5;
2021-U47;03-05;22384;560;1,1;41896;1049;2,5;
2021-U47;06-11;36098;1683;1,6;132907;6198;4,7;
2021-U47;12-15;25652;542;1,1;69920;1478;2,1;
2021-U47;16-19;17203;411;0,7;47137;1127;2,4;
2021-U47;20-39;20813;490;4,7;308325;7256;2,4;
2021-U47;40-64;26228;463;6,0;495823;8758;1,8;
2021-U47;65-79;11512;276;16,4;103954;2488;2,4;
2021-U47;80+;6563;141;31,8;19163;411;2,1;
2021-U48;00-02;6222;287;8,7;11413;526;4,6;
2021-U48;03-05;23055;643;1,6;43152;1204;2,8;
2021-U48;06-11;36015;1970;1,1;132600;7253;5,5;
2021-U48;12-15;25662;605;1,8;69949;1650;2,4;
2021-U48;16-19;17879;559;2,2;48989;1533;3,1;
2021-U48;20-39;22629;604;5,5;335231;8947;2,7;
2021-U48;40-64;27086;560;7,0;512060;10578;2,1;
2021-U48;65-79;11397;282;16,9;102915;2542;2,5;
2021-U48;80+;6757;126;34,2;19731;368;1,9;
2021-U49;00-02;8188;378;4,3;15218;703;4,6;
2021-U49;03-05;28930;978;0,5;54139;1831;3,4;
2021-U49;06-11;39583;2592;2,2;145732;9543;6,6;
2021-U49;12-15;29694;877;0,0;80848;2389;3,0;
2021-U49;16-19;21769;882;0,4;59735;2419;4,1;
2021-U49;20-39;25674;917;6,1;381507;13629;3,6;
2021-U49;40-64;28742;782;7,6;543205;14783;2,7;
2021-U49;65-79;11229;302;17,3;101402;2731;2,7;
2021-U49;80+;7420;143;33,3;21637;417;1,9;
2021-U50;00-02;10339;521;9,1;19217;968;5,0;
2021-U50;03-05;33844;1251;0,5;63335;2341;3,7;
2021-U50;06-11;39242;2779;4,1;144477;10230;7,1;
2021-U50;12-15;31936;1399;4,4;86953;3810;4,4;
2021-U50;16-19;28175;2010;2,9;77314;5515;7,1;
2021-U50;20-39;29881;1738;8,3;444016;25822;5,8;
2021-U50;40-64;29547;1245;9,8;558430;23535;4,2;
2021-U50;65-79;11632;338;17,2;105035;3051;2,9;
2021-U50;80+;8291;182;35,3;24175;530;2,2;
2021-U51;00-02;8632;568;8,6;16044;1055;6,6;
2021-U51;03-05;24594;1199;0,0;46025;2244;4,9;
2021-U51;06-11;22092;1552;1,1;81336;5715;7,0;
2021-U51;12-15;22847;1428;2,2;62207;3889;6,3;
2021-U51;16-19;25127;2453;2,6;68949;6732;9,8;
2021-U51;20-39;25858;1977;7,6;384241;29376;7,7;
2021-U51;40-64;25161;1430;10,2;475529;27026;5,7;
2021-U51;65-79;11754;357;18,1;106141;3225;3,0;
2021-U51;80+;9267;217;38,8;27022;632;2,3;
2021-U52;00-02;5742;952;17,8;10672;1770;16,6;
2021-U52;03-05;15396;1852;3,2;28812;3465;12,0;
2021-U52;06-11;15672;2257;1,6;57700;8310;14,4;
2021-U52;12-15;18523;2423;2,6;50433;6597;13,1;
2021-U52;16-19;21802;3450;4,4;59826;9468;15,8;
2021-U52;20-39;22729;3198;13,7;337750;47526;14,1;
2021-U52;40-64;23152;2085;13,2;437557;39406;9,0;
2021-U52;65-79;11909;870;22,4;107541;7859;7,3;
2021-U52;80+;11099;668;55,6;32365;1949;6,0;
2022-U01;00-02;6846;1393;18,8;12760;2597;20,4;
2022-U01;03-05;19209;2728;3,7;35929;5102;14,2;
2022-U01;06-11;19609;2636;3,3;72142;9696;13,4;
2022-U01;12-15;25195;3307;5,9;68608;9004;13,1;
2022-U01;16-19;34787;6152;8,0;95483;16887;17,7;
2022-U01;20-39;25844;3577;13,3;384632;53228;13,8;
2022-U01;40-64;26304;1792;10,9;497033;33869;6,8;
2022-U01;65-79;10550;537;20,9;95311;4853;5,1;
2022-U01;80+;11157;481;53,5;32554;1403;4,3;
2022-U02;00-02;12240;2641;33,3;22813;4922;21,6;
2022-U02;03-05;33237;6259;8,6;62167;11706;18,8;
2022-U02;06-11;29004;6773;4,1;106706;24919;23,4;
2022-U02;12-15;31140;6749;6,2;84796;18377;21,7;
2022-U02;16-19;28713;6285;10,2;78812;17251;21,9;
2022-U02;20-39;24973;3765;17,0;371667;56034;15,1;
2022-U02;40-64;27079;2323;13,1;511676;43890;8,6;
2022-U02;65-79;9846;552;19,4;88958;4985;5,6;
2022-U02;80+;10368;433;51,7;30254;1262;4,2;
2022-U03;00-02;14575;3541;46,1;27166;6599;24,3;
2022-U03;03-05;37347;8557;19,2;69853;16005;22,9;
2022-U03;06-11;37861;11029;7,9;139289;40575;29,1;
2022-U03;12-15;40988;11891;8,8;111612;32380;29,0;
2022-U03;16-19;31771;9083;12,4;87204;24931;28,6;
2022-U03;20-39;27236;5373;20,2;405335;79963;19,7;
2022-U03;40-64;31207;3953;12,8;589680;74687;12,7;
2022-U03;65-79;10827;917;21,3;97813;8284;8,5;
2022-U03;80+;11140;564;63,1;32506;1647;5,1;
2022-U04;00-02;11462;3272;40,8;21364;6099;28,6;
2022-U04;03-05;27691;7679;12,3;51793;14363;27,7;
2022-U04;06-11;29892;10537;9,2;109972;38765;35,3;
2022-U04;12-15;32763;12178;15,4;89214;33161;37,2;
2022-U04;16-19;23607;7860;14,2;64797;21574;33,3;
2022-U04;20-39;23355;5560;23,0;347586;82746;23,8;
2022-U04;40-64;27043;4586;18,9;510997;86650;17,0;
2022-U04;65-79;10357;1356;25,8;93567;12251;13,1;
2022-U04;80+;11216;882;79,9;32726;2574;7,9;
2022-U05;00-02;9635;3332;61,2;17962;6210;34,6;
2022-U05;03-05;22083;7391;13,9;41339;13825;33,4;
2022-U05;06-11;21907;8726;8,7;80393;32104;39,9;
2022-U05;12-15;22888;10369;11,4;62392;28235;45,3;
2022-U05;16-19;16112;6658;17,5;44171;18275;41,4;
2022-U05;20-39;19711;5665;26,5;293364;84314;28,7;
2022-U05;40-64;23127;4858;21,7;436903;91792;21,0;
2022-U05;65-79;10230;1919;43,3;92460;17337;18,8;
2022-U05;80+;11714;1247;110,7;34202;3640;10,6;
2022-U06;00-02;8610;3202;69,7;16052;5969;37,2;
2022-U06;03-05;17115;5952;10,7;32038;11141;34,8;
2022-U06;06-11;15528;6051;6,8;56983;22207;39,0;
2022-U06;12-15;16647;7084;13,9;45380;19310;42,6;
2022-U06;16-19;16013;7542;8,4;43898;20675;47,1;
2022-U06;20-39;20418;7073;28,9;303894;105276;34,6;
2022-U06;40-64;21456;5324;26,5;405333;100571;24,8;
2022-U06;65-79;11048;2759;55,3;99852;24939;25,0;
2022-U06;80+;12493;1806;145,2;36475;5273;14,5;
2022-U07;00-02;5539;2127;67,1;10326;3965;38,4;
2022-U07;03-05;9579;3177;11,8;17932;5947;33,2;
2022-U07;06-11;8538;2864;3,5;31332;10510;33,5;
2022-U07;12-15;8607;3522;7,7;23462;9600;40,9;
2022-U07;16-19;9250;3871;12,0;25359;10613;41,9;
2022-U07;20-39;14804;4959;26,9;220338;73813;33,5;
2022-U07;40-64;16861;4657;26,4;318521;87967;27,6;
2022-U07;65-79;10704;3254;71,5;96744;29408;30,4;
2022-U07;80+;12210;2346;183,6;35649;6849;19,2;
2022-U08;00-02;3315;1209;37,0;6180;2254;36,5;
2022-U08;03-05;5181;1611;7,5;9699;3016;31,1;
2022-U08;06-11;4665;1376;2,5;17121;5049;29,5;
2022-U08;12-15;5084;1799;7,3;13859;4904;35,4;
2022-U08;16-19;5913;2006;6,6;16210;5500;33,9;
2022-U08;20-39;9623;2810;21,2;143228;41820;29,2;
2022-U08;40-64;12435;3123;24,6;234914;59003;25,1;
2022-U08;65-79;8950;2666;70,7;80890;24094;29,8;
2022-U08;80+;10498;2107;184,6;30651;6151;20,1;
2022-U09;00-02;2307;779;34,9;4295;1453;33,8;
2022-U09;03-05;3633;998;3,7;6806;1868;27,5;
2022-U09;06-11;3839;976;3,3;14067;3581;25,5;
2022-U09;12-15;3913;1238;5,5;10674;3374;31,6;
2022-U09;16-19;4496;1274;8,0;12327;3493;28,3;
2022-U09;20-39;6748;1803;15,5;100581;26835;26,7;
2022-U09;40-64;9418;2319;19,3;177896;43817;24,6;
2022-U09;65-79;7516;2291;66,2;67989;20710;30,5;
2022-U09;80+;8933;1824;170,2;26136;5326;20,4;
2022-U10;00-02;1427;403;14,5;2657;751;28,3;
2022-U10;03-05;2317;441;3,7;4340;826;19,0;
2022-U10;06-11;3036;576;1,9;11126;2109;19,0;
2022-U10;12-15;3569;812;5,1;9735;2214;22,7;
2022-U10;16-19;3999;845;4,4;10964;2316;21,1;
2022-U10;20-39;5616;1267;11,0;83704;18883;22,6;
2022-U10;40-64;7462;1724;16,4;140944;32566;23,1;
2022-U10;65-79;6338;1809;56,5;57329;16365;28,6;
2022-U10;80+;7709;1480;154,5;22556;4329;19,2;
2022-U11;00-02;780;175;12,9;1451;326;22,5;
2022-U11;03-05;1244;168;2,1;2331;315;13,5;
2022-U11;06-11;1791;231;1,4;6563;846;12,9;
2022-U11;12-15;2230;370;2,6;6082;1008;16,6;
2022-U11;16-19;2342;379;5,5;6422;1040;16,2;
2022-U11;20-39;3760;715;8,3;56049;10662;19,0;
2022-U11;40-64;5059;1127;15,6;95558;21282;22,3;
2022-U11;65-79;4713;1324;43,7;42636;11980;28,1;
2022-U11;80+;6314;1140;138,1;18475;3336;18,1;
2022-U12;00-02;632;124;10,7;1176;231;19,6;
2022-U12;03-05;930;99;1,1;1742;185;10,6;
2022-U12;06-11;1295;124;0,5;4744;453;9,6;
2022-U12;12-15;1446;209;1,8;3945;571;14,5;
2022-U12;16-19;1650;216;2,2;4524;593;13,1;
2022-U12;20-39;2809;480;5,6;41866;7159;17,1;
2022-U12;40-64;3839;785;11,6;72517;14836;20,5;
2022-U12;65-79;3738;968;40,9;33816;8754;25,9;
2022-U12;80+;5113;830;108,3;14961;2429;16,2;
2022-U13;00-02;486;67;9,1;905;125;13,8;
2022-U13;03-05;632;48;0,0;1184;89;7,5;
2022-U13;06-11;842;70;0,3;3087;258;8,4;
2022-U13;12-15;984;104;0,7;2684;284;10,6;
2022-U13;16-19;1253;131;0,7;3437;358;10,4;
2022-U13;20-39;2082;283;4,6;31028;4211;13,6;
2022-U13;40-64;2913;527;9,1;55015;9955;18,1;
2022-U13;65-79;2918;649;33,7;26400;5870;22,2;
2022-U13;80+;4136;547;90,6;12102;1599;13,2;
2022-U14;00-02;425;43;7,5;796;81;10,2;
2022-U14;03-05;598;44;1,6;1118;82;7,3;
2022-U14;06-11;852;50;0,8;3122;183;5,9;
2022-U14;12-15;1096;89;0,0;2990;243;8,1;
2022-U14;16-19;1253;95;1,5;3439;261;7,6;
2022-U14;20-39;1796;217;4,3;26855;3244;12,1;
2022-U14;40-64;2386;404;7,6;45071;7638;17,0;
2022-U14;65-79;2420;518;29,8;21895;4688;21,4;
2022-U14;80+;3581;453;79,5;10495;1328;12,7;
2022-U15;00-02;327;35;4,8;611;66;10,8;
2022-U15;03-05;433;30;0,5;810;57;7,0;
2022-U15;06-11;456;34;0,3;1669;123;7,4;
2022-U15;12-15;551;56;0,0;1504;153;10,2;
2022-U15;16-19;588;59;0,0;1614;163;10,1;
2022-U15;20-39;1214;156;3,5;18153;2330;12,8;
2022-U15;40-64;1489;289;5,5;28127;5451;19,4;
2022-U15;65-79;1730;373;23,4;15650;3376;21,6;
2022-U15;80+;2799;330;74,7;8205;967;11,8;
2022-U16;00-02;245;25;2,7;458;47;10,3;
2022-U16;03-05;260;28;1,6;486;52;10,7;
2022-U16;06-11;297;31;0,0;1089;115;10,6;
2022-U16;12-15;474;58;0,4;1294;157;12,1;
2022-U16;16-19;664;66;1,5;1822;181;9,9;
2022-U16;20-39;1208;150;2,6;18056;2243;12,4;
2022-U16;40-64;1592;257;5,3;30073;4847;16,1;
2022-U16;65-79;1812;279;18,2;16395;2528;15,4;
2022-U16;80+;2818;294;67,9;8259;861;10,4;
2022-U17;00-02;229;24;2,7;429;45;10,5;
2022-U17;03-05;231;16;0,5;431;29;6,7;
2022-U17;06-11;265;20;0,0;971;72;7,4;
2022-U17;12-15;387;35;0,0;1055;96;9,1;
2022-U17;16-19;491;40;0,4;1348;111;8,2;
2022-U17;20-39;1032;89;1,4;15423;1327;8,6;
2022-U17;40-64;1304;157;3,3;24622;2956;12,0;
2022-U17;65-79;1534;201;17,1;13880;1815;13,1;
2022-U17;80+;2355;194;50,5;6902;568;8,2;
2022-U18;00-02;229;22;2,7;426;41;9,6;
2022-U18;03-05;211;14;0,5;395;26;6,6;
2022-U18;06-11;259;19;0,0;950;70;7,4;
2022-U18;12-15;350;24;0,7;954;66;6,9;
2022-U18;16-19;460;30;0,0;1261;82;6,5;
2022-U18;20-39;853;68;1,2;12770;1018;8,0;
2022-U18;40-64;1129;136;3,8;21332;2577;12,1;
2022-U18;65-79;1213;167;15,7;10984;1512;13,8;
2022-U18;80+;1770;135;29,2;5214;397;7,6;
2022-U19;00-02;198;17;2,1;369;31;8,4;
2022-U19;03-05;199;6;0,0;372;12;3,2;
2022-U19;06-11;252;14;0,3;924;51;5,5;
2022-U19;12-15;417;20;0,4;1137;54;4,8;
2022-U19;16-19;443;27;0,4;1216;73;6,0;
2022-U19;20-39;747;60;0,9;11186;894;8,0;
2022-U19;40-64;952;111;2,0;17987;2097;11,7;
2022-U19;65-79;985;133;10,9;8919;1201;13,5;
2022-U19;80+;1425;109;29,9;4200;321;7,6;
2022-U20;00-02;193;10;1,6;359;18;5,0;
2022-U20;03-05;172;7;0,0;322;14;4,4;
2022-U20;06-11;219;10;0,3;802;38;4,7;
2022-U20;12-15;367;30;0,4;1001;81;8,1;
2022-U20;16-19;336;15;1,5;922;42;4,6;
2022-U20;20-39;678;47;0,8;10149;704;6,9;
2022-U20;40-64;900;101;2,3;16997;1917;11,3;
2022-U20;65-79;903;107;9,8;8171;973;11,9;
2022-U20;80+;1280;90;23,1;3773;264;7,0;
2022-U21;00-02;152;8;0,5;284;15;5,3;
2022-U21;03-05;132;5;0,0;248;10;4,0;
2022-U21;06-11;185;9;0,0;677;34;5,0;
2022-U21;12-15;375;16;0,0;1024;45;4,4;
2022-U21;16-19;271;13;0,0;743;37;5,0;
2022-U21;20-39;534;40;0,7;7995;604;7,6;
2022-U21;40-64;679;76;1,4;12826;1440;11,2;
2022-U21;65-79;728;92;7,5;6590;834;12,7;
2022-U21;80+;1080;70;18,7;3181;205;6,4;
2022-U22;00-02;163;8;3,8;304;14;4,6;
2022-U22;03-05;136;5;0,0;254;10;3,9;
2022-U22;06-11;174;11;0,0;638;39;6,1;
2022-U22;12-15;307;9;0,0;837;25;3,0;
2022-U22;16-19;244;16;0,0;670;43;6,4;
2022-U22;20-39;534;45;1,1;7990;676;8,5;
2022-U22;40-64;694;94;1,5;13114;1769;13,5;
2022-U22;65-79;704;103;6,3;6376;935;14,7;
2022-U22;80+;944;75;21,0;2783;220;7,9;
2022-U23;00-02;181;15;1,1;337;28;8,3;
2022-U23;03-05;169;11;0,0;318;20;6,3;
2022-U23;06-11;218;16;0,0;801;59;7,4;
2022-U23;12-15;334;22;0,0;912;60;6,6;
2022-U23;16-19;278;29;0,4;763;80;10,5;
2022-U23;20-39;576;84;0,9;8638;1262;14,6;
2022-U23;40-64;803;143;1,8;15170;2707;17,8;
2022-U23;65-79;786;137;7,5;7127;1244;17,5;
2022-U23;80+;914;84;20,9;2705;249;9,2;
2022-U24;00-02;233;25;5,4;434;47;10,8;
2022-U24;03-05;250;14;0,5;470;27;5,7;
2022-U24;06-11;333;15;0,3;1225;56;4,6;
2022-U24;12-15;428;41;0,4;1170;112;9,6;
2022-U24;16-19;330;44;1,1;906;122;13,5;
2022-U24;20-39;728;123;0,8;10919;1840;16,9;
2022-U24;40-64;944;201;2,8;17836;3804;21,3;
2022-U24;65-79;948;195;11,8;8592;1767;20,6;
2022-U24;80+;1229;123;29,0;3638;364;10,0;
2022-U25;00-02;277;33;7,5;516;62;12,0;
2022-U25;03-05;303;18;0,0;569;34;6,0;
2022-U25;06-11;425;23;0,5;1563;85;5,4;
2022-U25;12-15;692;39;0,0;1891;107;5,7;
2022-U25;16-19;573;44;0,7;1573;122;7,8;
2022-U25;20-39;794;162;1,9;11910;2436;20,5;
2022-U25;40-64;1011;253;4,0;19104;4777;25,0;
2022-U25;65-79;1046;244;14,9;9480;2213;23,3;
2022-U25;80+;1432;163;41,2;4239;483;11,4;
2022-U26;00-02;315;34;5,4;587;63;10,7;
2022-U26;03-05;386;27;0,0;725;50;6,9;
2022-U26;06-11;489;34;0,0;1796;126;7,0;
2022-U26;12-15;816;55;0,7;2230;149;6,7;
2022-U26;16-19;921;136;0,7;2530;373;14,7;
2022-U26;20-39;1066;236;2,9;15998;3535;22,1;
2022-U26;40-64;1152;296;4,2;21771;5594;25,7;
2022-U26;65-79;1188;288;15,7;10765;2612;24,3;
2022-U26;80+;1972;196;49,7;5837;579;9,9;
2022-U27;00-02;326;52;5,9;608;97;16,0;
2022-U27;03-05;390;41;1,1;734;78;10,6;
2022-U27;06-11;480;40;0,3;1767;146;8,3;
2022-U27;12-15;737;72;0,0;2017;197;9,8;
2022-U27;16-19;1046;186;3,3;2884;514;17,8;
2022-U27;20-39;1313;327;3,2;19726;4914;24,9;
2022-U27;40-64;1290;354;4,8;24402;6700;27,5;
2022-U27;65-79;1200;296;17,4;10888;2681;24,6;
2022-U27;80+;1902;200;61,5;5661;595;10,5;
2022-U28;00-02;299;62;5,4;558;115;20,6;
2022-U28;03-05;413;49;0,5;778;92;11,8;
2022-U28;06-11;533;63;0,0;1961;232;11,8;
2022-U28;12-15;717;94;0,4;1963;258;13,1;
2022-U28;16-19;955;152;2,5;2633;418;15,9;
2022-U28;20-39;1180;267;3,4;17726;4010;22,6;
2022-U28;40-64;1266;336;5,4;23945;6361;26,6;
2022-U28;65-79;1329;341;24,6;12054;3097;25,7;
2022-U28;80+;2477;288;80,0;7372;858;11,6;
2022-U29;00-02;249;59;8,0;465;111;23,9;
2022-U29;03-05;361;51;1,1;679;96;14,1;
2022-U29;06-11;453;64;0,0;1666;237;14,2;
2022-U29;12-15;604;93;0,4;1653;255;15,4;
2022-U29;16-19;720;114;1,5;1985;313;15,8;
2022-U29;20-39;959;216;3,2;14405;3246;22,5;
2022-U29;40-64;1134;289;5,7;21456;5472;25,5;
2022-U29;65-79;1323;300;27,8;12002;2721;22,7;
2022-U29;80+;2547;262;76,0;7579;779;10,3;
2022-U30;00-02;221;52;8,0;413;97;23,5;
2022-U30;03-05;296;52;0,0;558;97;17,4;
2022-U30;06-11;406;79;0,0;1494;289;19,3;
2022-U30;12-15;452;81;0,7;1236;221;17,9;
2022-U30;16-19;512;90;1,1;1411;248;17,6;
2022-U30;20-39;811;184;2,7;12183;2760;22,7;
2022-U30;40-64;951;234;4,0;17995;4435;24,7;
2022-U30;65-79;1112;219;21,3;10085;1987;19,7;
2022-U30;80+;2409;177;59,1;7169;528;7,4;
2022-U31;00-02;197;54;5,9;367;101;27,5;
2022-U31;03-05;248;52;1,1;467;98;21,0;
2022-U31;06-11;353;73;0,0;1299;269;20,7;
2022-U31;12-15;395;86;0,0;1083;235;21,7;
2022-U31;16-19;483;102;2,9;1331;282;21,2;
2022-U31;20-39;704;167;2,3;10585;2507;23,7;
2022-U31;40-64;848;227;3,9;16054;4305;26,8;
2022-U31;65-79;997;217;16,6;9049;1967;21,7;
2022-U31;80+;2090;173;54,2;6247;516;8,3;
2022-U32;00-02;278;65;9,1;518;121;23,4;
2022-U32;03-05;306;69;0,5;576;130;22,6;
2022-U32;06-11;326;91;0,5;1203;336;27,9;
2022-U32;12-15;339;87;0,0;928;239;25,8;
2022-U32;16-19;450;121;1,1;1242;333;26,8;
2022-U32;20-39;810;214;2,3;12187;3218;26,4;
2022-U32;40-64;931;274;4,8;17623;5188;29,4;
2022-U32;65-79;974;220;18,6;8842;1996;22,6;
2022-U32;80+;1870;176;47,2;5589;526;9,4;
2022-U33;00-02;275;49;6,4;513;92;17,9;
2022-U33;03-05;360;62;1,1;678;117;17,3;
2022-U33;06-11;404;84;0,8;1487;308;20,7;
2022-U33;12-15;443;91;0,4;1214;250;20,6;
2022-U33;16-19;476;92;0,7;1313;254;19,4;
2022-U33;20-39;808;148;2,2;12153;2232;18,4;
2022-U33;40-64;1001;184;4,2;18943;3474;18,3;
2022-U33;65-79;953;174;17,7;8652;1579;18,3;
2022-U33;80+;2091;161;51,8;6251;481;7,7;
2022-U34;00-02;270;37;4,8;504;69;13,7;
2022-U34;03-05;298;33;0,5;562;63;11,2;
2022-U34;06-11;353;49;0,5;1299;180;13,9;
2022-U34;12-15;409;51;0,7;1121;141;12,6;
2022-U34;16-19;416;57;0,7;1147;156;13,6;
2022-U34;20-39;698;104;1,5;10498;1566;14,9;
2022-U34;40-64;884;136;3,3;16733;2580;15,4;
2022-U34;65-79;838;138;13,3;7609;1257;16,5;
2022-U34;80+;1781;115;39,5;5324;344;6,5;
2022-U35;00-02;236;16;4,3;439;30;6,8;
2022-U35;03-05;237;21;1,6;447;39;8,7;
2022-U35;06-11;275;23;0,0;1012;85;8,4;
2022-U35;12-15;301;30;0,4;824;83;10,1;
2022-U35;16-19;354;38;0,4;977;105;10,8;
2022-U35;20-39;646;75;1,6;9710;1125;11,6;
2022-U35;40-64;890;107;2,5;16846;2032;12,1;
2022-U35;65-79;808;121;10,8;7340;1099;15,0;
2022-U35;80+;1546;100;25,8;4623;300;6,5;
2022-U36;00-02;236;15;3,2;440;28;6,4;
2022-U36;03-05;195;12;0,0;368;22;6,0;
2022-U36;06-11;225;21;0,0;831;79;9,5;
2022-U36;12-15;313;26;0,0;858;70;8,2;
2022-U36;16-19;375;34;0,0;1035;94;9,1;
2022-U36;20-39;641;79;1,1;9644;1190;12,3;
2022-U36;40-64;906;121;2,7;17159;2286;13,3;
2022-U36;65-79;866;139;12,1;7860;1259;16,0;
2022-U36;80+;1611;122;33,6;4838;365;7,5;
2022-U37;00-02;243;16;2,7;452;30;6,6;
2022-U37;03-05;185;13;0,5;348;24;6,9;
2022-U37;06-11;194;20;0,0;717;75;10,5;
2022-U37;12-15;255;28;0,0;700;76;10,9;
2022-U37;16-19;318;28;0,0;878;78;8,9;
2022-U37;20-39;627;65;0,9;9428;976;10,4;
2022-U37;40-64;933;115;3,2;17669;2178;12,3;
2022-U37;65-79;871;154;13,3;7908;1396;17,7;
2022-U37;80+;1694;128;34,0;5087;385;7,6;
2022-U38;00-02;285;19;3,8;530;35;6,6;
2022-U38;03-05;241;12;0,0;454;23;5,1;
2022-U38;06-11;221;23;0,3;816;85;10,4;
2022-U38;12-15;252;30;0,0;690;81;11,7;
2022-U38;16-19;323;33;0,0;893;92;10,3;
2022-U38;20-39;639;76;1,6;9610;1150;12,0;
2022-U38;40-64;998;153;3,5;18901;2904;15,4;
2022-U38;65-79;1044;221;18,3;9482;2009;21,2;
2022-U38;80+;1744;183;47,6;5237;550;10,5;
2022-U39;00-02;337;25;3,2;628;47;7,5;
2022-U39;03-05;322;20;0,5;607;37;6,1;
2022-U39;06-11;259;27;0,3;957;101;10,6;
2022-U39;12-15;273;30;0,0;749;83;11,1;
2022-U39;16-19;357;33;0,7;985;90;9,1;
2022-U39;20-39;740;101;2,0;11140;1517;13,6;
2022-U39;40-64;1193;189;4,9;22598;3570;15,8;
2022-U39;65-79;1195;257;22,7;10852;2332;21,5;
2022-U39;80+;2162;232;63,3;6493;697;10,7;
2022-U40;00-02;421;20;1,6;783;37;4,7;
2022-U40;03-05;360;16;0,0;679;31;4,6;
2022-U40;06-11;295;37;0,0;1087;138;12,7;
2022-U40;12-15;309;41;0,4;847;112;13,2;
2022-U40;16-19;341;45;1,1;945;126;13,3;
2022-U40;20-39;753;115;2,1;11373;1743;15,3;
2022-U40;40-64;1174;219;5,1;22224;4148;18,7;
2022-U40;65-79;1211;275;24,6;10992;2500;22,7;
2022-U40;80+;2277;214;67,3;6865;644;9,4;
2022-U41;00-02;474;31;3,2;882;57;6,5;
2022-U41;03-05;323;17;0,0;608;32;5,3;
2022-U41;06-11;339;33;0,3;1252;120;9,6;
2022-U41;12-15;373;44;1,5;1022;120;11,7;
2022-U41;16-19;404;47;0,4;1121;129;11,5;
2022-U41;20-39;755;109;1,4;11402;1643;14,4;
2022-U41;40-64;1197;205;5,0;22678;3884;17,1;
2022-U41;65-79;1154;255;31,4;10475;2311;22,1;
2022-U41;80+;2338;227;86,2;7048;685;9,7;
2022-U42;00-02;453;33;4,8;843;62;7,4;
2022-U42;03-05;306;19;0,0;577;35;6,1;
2022-U42;06-11;248;25;0,0;916;92;10,0;
2022-U42;12-15;225;38;0,4;618;103;16,7;
2022-U42;16-19;287;45;1,4;797;126;15,8;
2022-U42;20-39;646;110;1,6;9759;1657;17,0;
2022-U42;40-64;972;176;5,9;18414;3325;18,1;
2022-U42;65-79;1005;183;24,0;9122;1661;18,2;
2022-U42;80+;2202;175;63,0;6640;529;8,0;
2022-U43;00-02;429;25;4,3;798;47;5,9;
2022-U43;03-05;231;20;0,0;435;38;8,7;
2022-U43;06-11;238;35;0,0;877;130;14,8;
2022-U43;12-15;277;55;0,7;758;150;19,8;
2022-U43;16-19;309;62;0,0;856;173;20,2;
2022-U43;20-39;631;94;1,4;9523;1415;14,9;
2022-U43;40-64;986;140;4,2;18664;2659;14,3;
2022-U43;65-79;927;110;17,8;8419;1001;11,9;
2022-U43;80+;1965;124;52,1;5925;375;6,3;
2022-U44;00-02;426;19;3,8;790;36;4,6;
2022-U44;03-05;254;16;0,0;478;30;6,3;
2022-U44;06-11;225;34;0,3;829;125;15,1;
2022-U44;12-15;255;45;0,0;699;123;17,6;
2022-U44;16-19;306;57;0,0;850;159;18,7;
2022-U44;20-39;529;74;1,7;8009;1116;13,9;
2022-U44;40-64;795;94;3,6;15047;1788;11,9;
2022-U44;65-79;761;63;11,1;6915;575;8,3;
2022-U44;80+;1748;75;30,2;5297;226;4,3;
2022-U45;00-02;431;24;4,9;799;45;5,6;
2022-U45;03-05;284;16;0,5;535;31;5,8;
2022-U45;06-11;274;38;0,3;1012;140;13,8;
2022-U45;12-15;281;51;0,4;770;139;18,1;
2022-U45;16-19;336;54;0,7;935;149;15,9;
2022-U45;20-39;572;87;1,3;8666;1312;15,1;
2022-U45;40-64;826;90;2,5;15650;1710;10,9;
2022-U45;65-79;733;57;9,5;6659;521;7,8;
2022-U45;80+;1608;62;27,4;4873;189;3,9;
2022-U46;00-02;399;18;1,1;740;34;4,6;
2022-U46;03-05;272;16;0,0;513;30;5,9;
2022-U46;06-11;288;43;0,3;1062;160;15,1;
2022-U46;12-15;288;52;0,0;790;143;18,1;
2022-U46;16-19;308;57;0,7;857;158;18,4;
2022-U46;20-39;510;73;1,3;7716;1098;14,2;
2022-U46;40-64;744;82;2,4;14084;1554;11,0;
2022-U46;65-79;710;47;7,9;6453;425;6,6;
2022-U46;80+;1498;55;23,8;4540;168;3,7;
2022-U47;00-02;370;23;4,9;686;43;6,3;
2022-U47;03-05;211;18;0,0;397;33;8,3;
2022-U47;06-11;267;48;0,3;985;178;18,1;
2022-U47;12-15;272;48;0,7;746;132;17,7;
2022-U47;16-19;273;49;1,4;760;136;17,9;
2022-U47;20-39;503;92;1,0;7612;1389;18,3;
2022-U47;40-64;758;96;2,3;14362;1827;12,7;
2022-U47;65-79;732;58;9,7;6649;526;7,9;
2022-U47;80+;1731;85;31,3;5247;258;4,9;
2022-U48;00-02;331;43;9,2;614;79;12,9;
2022-U48;03-05;311;33;0,5;585;63;10,8;
2022-U48;06-11;371;79;0,3;1370;290;21,2;
2022-U48;12-15;383;95;0,0;1048;259;24,7;
2022-U48;16-19;347;90;1,4;965;251;26,0;
2022-U48;20-39;632;149;1,8;9576;2259;23,6;
2022-U48;40-64;843;150;5,0;15962;2837;17,8;
2022-U48;65-79;841;94;13,1;7639;856;11,2;
2022-U48;80+;2231;119;43,9;6761;362;5,4;
2022-U49;00-02;360;49;10,3;667;90;13,5;
2022-U49;03-05;327;31;0,5;616;59;9,6;
2022-U49;06-11;407;66;0,5;1503;242;16,1;
2022-U49;12-15;422;107;0,0;1154;293;25,4;
2022-U49;16-19;418;107;0,7;1164;299;25,7;
2022-U49;20-39;715;176;2,9;10856;2672;24,6;
2022-U49;40-64;941;181;5,1;17814;3430;19,3;
2022-U49;65-79;884;112;16,2;8034;1016;12,7;
2022-U49;80+;2487;150;49,0;7554;457;6,1;
2022-U50;00-02;295;52;10,3;547;97;17,7;
2022-U50;03-05;243;25;2,7;458;47;10,3;
2022-U50;06-11;284;48;0,8;1048;176;16,8;
2022-U50;12-15;273;65;1,5;748;178;23,8;
2022-U50;16-19;289;68;2,5;806;190;23,6;
2022-U50;20-39;533;129;3,6;8081;1962;24,3;
2022-U50;40-64;708;140;5,0;13399;2648;19,8;
2022-U50;65-79;770;117;22,3;6995;1060;15,2;
2022-U50;80+;2477;217;69,5;7525;658;8,7;
2022-U51;00-02;381;58;12,4;706;108;15,3;
2022-U51;03-05;327;30;2,7;616;56;9,1;
2022-U51;06-11;387;59;0,8;1427;219;15,4;
2022-U51;12-15;337;77;0,4;924;211;22,8;
2022-U51;16-19;376;91;2,2;1048;254;24,2;
2022-U51;20-39;642;160;3,1;9745;2432;25,0;
2022-U51;40-64;891;182;6,5;16879;3438;20,4;
2022-U51;65-79;1002;172;26,2;9107;1563;17,2;
2022-U51;80+;3069;326;98,4;9324;989;10,6;
2022-U52;00-02;336;58;13,0;622;107;17,2;
2022-U52;03-05;239;18;0,0;450;33;7,3;
2022-U52;06-11;247;26;0,5;912;97;10,6;
2022-U52;12-15;189;31;0,4;517;86;16,6;
2022-U52;16-19;216;40;2,5;602;111;18,4;
2022-U52;20-39;423;95;2,5;6425;1446;22,5;
2022-U52;40-64;658;137;6,3;12457;2599;20,9;
2022-U52;65-79;977;163;28,8;8879;1480;16,7;
2022-U52;80+;2978;263;86,9;9046;800;8,8;
2023-U01;00-02;280;31;5,4;517;57;11,0;
2023-U01;03-05;153;8;1,1;289;15;5,2;
2023-U01;06-11;166;12;0,3;611;44;7,2;
2023-U01;12-15;168;23;0,4;459;63;13,7;
2023-U01;16-19;248;41;1,1;690;113;16,4;
2023-U01;20-39;443;64;1,5;6727;971;14,4;
2023-U01;40-64;742;88;3,7;14049;1664;11,8;
2023-U01;65-79;979;114;26,3;8898;1040;11,7;
2023-U01;80+;2836;191;70,9;8639;582;6,7;
2023-U02;00-02;241;21;5,9;446;39;8,7;
2023-U02;03-05;168;12;0,5;316;23;7,3;
2023-U02;06-11;126;10;0,3;466;37;7,9;
2023-U02;12-15;106;13;0,4;291;35;12,0;
2023-U02;16-19;150;15;1,1;417;42;10,1;
2023-U02;20-39;282;28;1,4;4291;429;10,0;
2023-U02;40-64;475;39;3,5;8992;729;8,1;
2023-U02;65-79;594;48;13,5;5396;438;8,1;
2023-U02;80+;1848;104;40,7;5629;316;5,6;
2023-U03;00-02;261;15;3,8;482;27;5,6;
2023-U03;03-05;170;9;0,5;320;17;5,3;
2023-U03;06-11;123;7;0,3;454;26;5,7;
2023-U03;12-15;96;10;0,4;262;26;9,9;
2023-U03;16-19;114;7;0,0;318;20;6,3;
2023-U03;20-39;220;19;0,7;3336;290;8,7;
2023-U03;40-64;386;25;2,2;7313;466;6,4;
2023-U03;65-79;418;26;8,4;3801;237;6,2;
2023-U03;80+;1141;56;22,7;3475;170;4,9;
2023-U04;00-02;258;9;2,7;477;16;3,4;
2023-U04;03-05;141;9;1,1;265;17;6,4;
2023-U04;06-11;136;8;0,3;502;29;5,8;
2023-U04;12-15;106;11;0,0;289;29;10,0;
2023-U04;16-19;125;12;0,0;347;33;9,5;
2023-U04;20-39;206;16;0,3;3136;241;7,7;
2023-U04;40-64;340;22;1,5;6445;412;6,4;
2023-U04;65-79;331;21;4,7;3011;195;6,5;
2023-U04;80+;891;36;14,4;2715;109;4,0;
2023-U05;00-02;269;10;2,2;498;18;3,6;
2023-U05;03-05;152;4;0,0;286;7;2,5;
2023-U05;06-11;168;8;0,0;619;30;4,9;
2023-U05;12-15;138;9;0,4;377;25;6,6;
2023-U05;16-19;123;8;0,0;343;23;6,7;
2023-U05;20-39;188;13;0,7;2861;204;7,1;
2023-U05;40-64;265;19;2,0;5024;361;7,2;
2023-U05;65-79;315;20;5,5;2866;183;6,4;
2023-U05;80+;875;47;18,7;2666;144;5,4;
2023-U06;00-02;307;10;1,6;568;19;3,4;
2023-U06;03-05;167;1;0,5;315;2;0,6;
2023-U06;06-11;176;5;0,3;650;19;2,9;
2023-U06;12-15;154;10;0,0;420;27;6,4;
2023-U06;16-19;148;11;0,4;413;30;7,3;
2023-U06;20-39;166;13;0,6;2525;202;8,0;
2023-U06;40-64;203;18;1,0;3844;342;8,9;
2023-U06;65-79;283;23;7,8;2572;205;8,0;
2023-U06;80+;779;43;19,0;2374;130;5,5;
2023-U07;00-02;323;9;1,6;598;16;2,7;
2023-U07;03-05;165;3;0,0;310;6;1,9;
2023-U07;06-11;137;4;0,0;506;14;2,8;
2023-U07;12-15;99;5;0,0;271;15;5,5;
2023-U07;16-19;101;6;0,0;281;18;6,4;
2023-U07;20-39;134;10;0,5;2034;153;7,5;
2023-U07;40-64;171;18;1,8;3229;333;10,3;
2023-U07;65-79;240;20;6,8;2179;184;8,4;
2023-U07;80+;464;38;20,7;1414;117;8,3;
2023-U08;00-02;297;10;2,7;549;19;3,5;
2023-U08;03-05;128;4;0,5;241;8;3,3;
2023-U08;06-11;90;3;0,0;333;11;3,3;
2023-U08;12-15;79;4;0,0;215;11;5,1;
2023-U08;16-19;100;11;0,4;279;30;10,8;
2023-U08;20-39;127;10;0,5;1921;151;7,9;
2023-U08;40-64;154;17;1,5;2910;316;10,9;
2023-U08;65-79;218;18;6,4;1982;163;8,2;
2023-U08;80+;369;30;20,0;1123;90;8,0;
2023-U09;00-02;292;12;3,8;539;23;4,3;
2023-U09;03-05;107;2;0,5;201;4;2,0;
2023-U09;06-11;99;2;0,3;365;9;2,5;
2023-U09;12-15;69;3;0,0;190;7;3,7;
2023-U09;16-19;100;7;0,0;280;20;7,1;
2023-U09;20-39;108;10;0,7;1641;148;9,0;
2023-U09;40-64;135;15;1,8;2548;292;11,5;
2023-U09;65-79;200;19;7,8;1816;171;9,4;
2023-U09;80+;351;29;22,0;1070;87;8,1;
2023-U10;00-02;305;27;4,9;563;50;8,9;
2023-U10;03-05;108;5;1,1;203;10;4,9;
2023-U10;06-11;94;3;0,3;347;10;2,9;
2023-U10;12-15;76;4;0,4;208;10;4,8;
2023-U10;16-19;67;5;0,4;186;13;7,0;
2023-U10;20-39;96;12;1,1;1453;176;12,1;
2023-U10;40-64;126;17;1,7;2379;313;13,2;
2023-U10;65-79;199;20;8,4;1806;184;10,2;
2023-U10;80+;373;39;26,9;1139;118;10,4;
2023-U11;00-02;262;22;5,4;484;40;8,3;
2023-U11;03-05;110;5;1,1;207;9;4,4;
2023-U11;06-11;91;3;0,0;335;12;3,6;
2023-U11;12-15;86;9;1,1;235;25;10,6;
2023-U11;16-19;101;14;0,7;282;38;13,5;
2023-U11;20-39;108;17;1,3;1642;256;15,6;
2023-U11;40-64;138;22;3,4;2616;412;15,8;
2023-U11;65-79;216;40;15,8;1968;360;18,3;
2023-U11;80+;395;61;45,2;1204;187;15,5;
2023-U12;00-02;289;22;4,9;533;41;7,7;
2023-U12;03-05;105;5;0,5;198;10;5,1;
2023-U12;06-11;99;4;0,5;364;16;4,4;
2023-U12;12-15;93;7;0,4;254;19;7,5;
2023-U12;16-19;93;11;1,1;259;30;11,6;
2023-U12;20-39;108;18;1,8;1648;271;16,4;
2023-U12;40-64;141;28;3,5;2668;535;20,1;
2023-U12;65-79;231;47;17,2;2098;423;20,2;
2023-U12;80+;410;80;57,7;1251;244;19,5;
2023-U13;00-02;242;24;2,2;447;45;10,1;
2023-U13;03-05;94;4;0,0;176;7;4,0;
2023-U13;06-11;78;2;0,0;288;8;2,8;
2023-U13;12-15;74;5;0,0;203;15;7,4;
2023-U13;16-19;70;8;0,4;194;22;11,3;
2023-U13;20-39;91;12;0,8;1382;182;13,2;
2023-U13;40-64;119;20;3,9;2243;382;17,0;
2023-U13;65-79;207;37;15,1;1883;339;18,0;
2023-U13;80+;393;77;55,1;1199;235;19,6;
2023-U14;00-02;184;16;3,3;339;29;8,6;
2023-U14;03-05;63;3;0,5;118;5;4,2;
2023-U14;06-11;32;0;0,3;117;1;0,9;
2023-U14;12-15;21;3;0,0;56;7;12,5;
2023-U14;16-19;30;3;0,7;83;8;9,6;
2023-U14;20-39;44;5;0,9;668;74;11,1;
2023-U14;40-64;64;8;2,9;1208;156;12,9;
2023-U14;65-79;154;27;18,4;1400;243;17,4;
2023-U14;80+;348;72;59,7;1066;221;20,7;
2023-U15;00-02;160;20;3,3;295;36;12,2;
2023-U15;03-05;42;3;0,5;79;5;6,3;
2023-U15;06-11;24;1;0,0;90;3;3,3;
2023-U15;12-15;30;1;0,0;82;3;3,7;
2023-U15;16-19;50;1;0,4;140;4;2,9;
2023-U15;20-39;53;5;0,9;808;82;10,2;
2023-U15;40-64;76;10;2,9;1430;193;13,5;
2023-U15;65-79;177;28;17,7;1614;253;15,7;
2023-U15;80+;360;76;60,7;1104;234;21,2;
2023-U16;00-02;173;21;4,9;318;38;12,0;
2023-U16;03-05;39;2;0,5;74;4;5,4;
2023-U16;06-11;27;2;0,0;99;7;7,1;
2023-U16;12-15;38;3;0,4;103;7;6,8;
2023-U16;16-19;43;4;0,0;120;11;9,2;
2023-U16;20-39;48;5;0,5;734;72;9,8;
2023-U16;40-64;71;7;2,5;1341;134;10,0;
2023-U16;65-79;158;24;15,5;1441;222;15,4;
2023-U16;80+;341;59;47,0;1044;181;17,3;
2023-U17;00-02;147;20;6,0;271;36;13,3;
2023-U17;03-05;41;1;0,0;77;2;2,6;
2023-U17;06-11;22;1;0,0;80;2;2,5;
2023-U17;12-15;33;1;0,0;89;3;3,4;
2023-U17;16-19;46;2;0,4;127;5;3,9;
2023-U17;20-39;40;3;0,5;615;44;7,2;
2023-U17;40-64;57;7;2,7;1087;132;12,1;
2023-U17;65-79;135;19;13,3;1229;172;14,0;
2023-U17;80+;297;48;35,9;911;148;16,3;
2023-U18;00-02;151;16;4,9;279;30;10,8;
2023-U18;03-05;42;3;0,0;80;5;6,3;
2023-U18;06-11;21;0;0,0;77;0;0,0;
2023-U18;12-15;25;2;0,0;69;5;7,3;
2023-U18;16-19;41;2;0,4;114;6;5,3;
2023-U18;20-39;35;4;0,8;536;56;10,5;
2023-U18;40-64;51;6;1,9;969;106;10,9;
2023-U18;65-79;128;19;12,0;1169;171;14,6;
2023-U18;80+;292;50;40,0;900;154;17,1;
2023-U19;00-02;143;16;3,3;264;29;11,0;
2023-U19;03-05;44;1;0,0;82;1;1,2;
2023-U19;06-11;18;1;0,3;66;2;3,0;
2023-U19;12-15;22;1;0,0;60;2;3,3;
2023-U19;16-19;38;3;0,0;107;9;8,4;
2023-U19;20-39;37;4;0,8;558;64;11,5;
2023-U19;40-64;57;7;2,3;1071;128;12,0;
2023-U19;65-79;141;20;13,6;1283;184;14,3;
2023-U19;80+;294;47;40,3;905;144;15,9;
2023-U20;00-02;123;12;1,6;227;23;10,1;
2023-U20;03-05;25;0;0,0;47;0;0,0;
2023-U20;06-11;14;1;0,3;51;2;3,9;
2023-U20;12-15;19;2;0,7;51;5;9,8;
2023-U20;16-19;27;2;0,7;75;5;6,7;
2023-U20;20-39;26;1;0,2;397;21;5,3;
2023-U20;40-64;49;4;1,9;930;84;9,0;
2023-U20;65-79;123;15;10,3;1119;135;12,1;
2023-U20;80+;247;30;23,1;761;91;12,0;
2023-U21;00-02;147;9;1,6;270;17;6,3;
2023-U21;03-05;19;1;0,0;36;1;2,8;
2023-U21;06-11;17;1;0,0;62;2;3,2;
2023-U21;12-15;19;0;0,0;53;1;1,9;
2023-U21;16-19;27;1;0,0;75;2;2,7;
2023-U21;20-39;28;2;0,4;431;29;6,7;
2023-U21;40-64;51;5;1,1;957;87;9,1;
2023-U21;65-79;122;10;6,3;1107;91;8,2;
2023-U21;80+;250;23;15,3;770;71;9,2;
2023-U22;00-02;117;5;0,5;215;10;4,7;
2023-U22;03-05;34;0;0,0;64;0;0,0;
2023-U22;06-11;14;0;0,0;53;0;0,0;
2023-U22;12-15;21;1;0,4;56;3;5,4;
2023-U22;16-19;29;1;0,4;81;2;2,5;
2023-U22;20-39;21;1;0,3;323;9;2,8;
2023-U22;40-64;40;2;0,8;751;38;5,1;
2023-U22;65-79;104;7;5,2;950;62;6,5;
2023-U22;80+;224;18;12,3;690;55;8,0;
2023-U23;00-02;113;5;1,1;207;10;4,8;
2023-U23;03-05;27;0;0,0;51;0;0,0;
2023-U23;06-11;15;0;0,0;54;0;0,0;
2023-U23;12-15;21;0;0,4;57;1;1,8;
2023-U23;16-19;24;2;0,4;68;5;7,4;
2023-U23;20-39;22;1;0,1;333;10;3,0;
2023-U23;40-64;38;2;0,5;713;40;5,6;
2023-U23;65-79;102;7;4,4;933;60;6,4;
2023-U23;80+;216;12;10,0;669;36;5,4;
2023-U24;00-02;111;2;1,6;204;4;2,0;
2023-U24;03-05;21;0;0,0;39;0;0,0;
2023-U24;06-11;17;1;0,3;64;2;3,1;
2023-U24;12-15;28;0;0,4;77;1;1,3;
2023-U24;16-19;30;0;0,0;84;0;0,0;
2023-U24;20-39;26;1;0,3;394;17;4,3;
2023-U24;40-64;37;2;0,5;693;29;4,2;
2023-U24;65-79;89;4;2,3;808;36;4,5;
2023-U24;80+;188;11;9,4;582;35;6,0;
2023-U25;00-02;118;3;0,0;216;6;2,8;
2023-U25;03-05;21;0;0,0;40;0;0,0;
2023-U25;06-11;14;0;0,3;52;1;1,9;
2023-U25;12-15;19;1;0,0;51;3;5,9;
2023-U25;16-19;28;1;0,7;77;4;5,2;
2023-U25;20-39;22;1;0,1;336;9;2,7;
2023-U25;40-64;36;1;0,2;673;14;2,1;
2023-U25;65-79;88;3;2,4;803;30;3,7;
2023-U25;80+;169;10;7,8;524;30;5,7;
2023-U26;00-02;93;1;0,0;171;1;0,6;
2023-U26;03-05;19;0;0,0;36;0;0,0;
2023-U26;06-11;11;0;0,0;41;0;0,0;
2023-U26;12-15;14;0;0,0;38;0;0,0;
2023-U26;16-19;24;1;0,0;67;2;3,0;
2023-U26;20-39;21;1;0,1;316;14;4,4;
2023-U26;40-64;30;1;0,3;568;11;1,9;
2023-U26;65-79;78;2;1,4;707;19;2,7;
2023-U26;80+;166;4;3,9;514;11;2,1;
2023-U27;00-02;96;2;1,1;176;4;2,3;
2023-U27;03-05;20;0;0,0;37;0;0,0;
2023-U27;06-11;8;0;0,0;28;0;0,0;
2023-U27;12-15;14;0;0,0;37;1;2,7;
2023-U27;16-19;30;0;0,0;85;0;0,0;
2023-U27;20-39;22;1;0,1;332;16;4,8;
2023-U27;40-64;29;1;0,3;545;17;3,1;
2023-U27;65-79;68;2;1,3;621;19;3,1;
2023-U27;80+;152;9;7,1;473;28;5,9;
2023-U28;00-02;100;4;1,1;183;8;4,4;
2023-U28;03-05;20;0;0,0;37;0;0,0;
2023-U28;06-11;11;0;0,0;42;0;0,0;
2023-U28;12-15;11;0;0,0;30;1;3,3;
2023-U28;16-19;21;1;0,4;58;4;6,9;
2023-U28;20-39;18;1;0,1;279;9;3,2;
2023-U28;40-64;25;1;0,3;481;17;3,5;
2023-U28;65-79;74;3;1,8;670;28;4,2;
2023-U28;80+;147;8;6,1;457;24;5,3;
2023-U29;00-02;66;4;1,1;121;7;5,8;
2023-U29;03-05;16;0;0,0;30;0;0,0;
2023-U29;06-11;6;0;0,0;21;1;4,8;
2023-U29;12-15;11;0;0,4;31;1;3,2;
2023-U29;16-19;19;1;0,0;53;2;3,8;
2023-U29;20-39;16;1;0,0;248;8;3,2;
2023-U29;40-64;28;1;0,3;523;13;2,5;
2023-U29;65-79;65;2;1,3;589;19;3,2;
2023-U29;80+;119;3;2,9;369;8;2,2;
2023-U30;00-02;61;4;0,5;112;7;6,3;
2023-U30;03-05;11;0;0,0;21;0;0,0;
2023-U30;06-11;8;0;0,0;31;0;0,0;
2023-U30;12-15;11;0;0,0;31;1;3,2;
2023-U30;16-19;21;1;0,0;59;3;5,1;
2023-U30;20-39;17;1;0,2;261;13;5,0;
2023-U30;40-64;27;1;0,1;509;25;4,9;
2023-U30;65-79;69;4;2,3;631;35;5,6;
2023-U30;80+;127;7;6,4;395;21;5,3;
2023-U31;00-02;62;5;2,2;113;10;8,9;
2023-U31;03-05;14;1;0,5;27;1;3,7;
2023-U31;06-11;11;0;0,0;39;1;2,6;
2023-U31;12-15;14;1;0,0;37;2;5,4;
2023-U31;16-19;20;1;0,0;56;4;7,1;
2023-U31;20-39;17;1;0,1;257;12;4,7;
2023-U31;40-64;28;3;0,5;529;49;9,3;
2023-U31;65-79;70;3;2,2;640;27;4,2;
2023-U31;80+;141;10;7,7;442;30;6,8;
2023-U32;00-02;75;8;0,0;137;15;11,0;
2023-U32;03-05;15;1;1,1;28;2;7,1;
2023-U32;06-11;11;1;0,0;41;3;7,3;
2023-U32;12-15;12;0;0,0;32;1;3,1;
2023-U32;16-19;24;1;0,0;66;4;6,1;
2023-U32;20-39;19;2;0,5;295;36;12,2;
2023-U32;40-64;30;3;1,1;573;58;10,1;
2023-U32;65-79;70;6;3,6;636;55;8,7;
2023-U32;80+;140;13;10,9;437;40;9,2;
2023-U33;00-02;110;16;3,3;201;29;14,4;
2023-U33;03-05;29;1;0,5;55;1;1,8;
2023-U33;06-11;17;1;0,3;62;4;6,5;
2023-U33;12-15;21;2;0,0;58;5;8,6;
2023-U33;16-19;31;3;0,0;87;7;8,1;
2023-U33;20-39;25;2;0,4;384;34;8,9;
2023-U33;40-64;36;4;1,2;678;84;12,4;
2023-U33;65-79;86;12;6,1;784;107;13,7;
2023-U33;80+;160;21;14,4;501;67;13,4;
2023-U34;00-02;109;11;4,4;200;21;10,5;
2023-U34;03-05;26;0;0,0;49;0;0,0;
2023-U34;06-11;20;1;0,0;73;2;2,7;
2023-U34;12-15;27;3;0,7;73;8;11,0;
2023-U34;16-19;35;3;0,7;98;8;8,2;
2023-U34;20-39;29;3;0,4;439;43;9,8;
2023-U34;40-64;41;6;1,1;783;106;13,5;
2023-U34;65-79;87;12;6,0;790;107;13,5;
2023-U34;80+;180;25;17,3;562;77;13,7;
2023-U35;00-02;116;11;2,7;213;20;9,4;
2023-U35;03-05;24;1;0,0;45;2;4,4;
2023-U35;06-11;17;0;0,0;64;1;1,6;
2023-U35;12-15;29;2;0,4;80;6;7,5;
2023-U35;16-19;38;3;0,7;106;7;6,6;
2023-U35;20-39;31;2;0,4;477;33;6,9;
2023-U35;40-64;48;4;1,2;911;80;8,8;
2023-U35;65-79;93;13;7,4;844;122;14,5;
2023-U35;80+;178;26;17,9;557;80;14,4;
2023-U36;00-02;126;13;2,7;230;24;10,4;
2023-U36;03-05;24;1;0,0;46;2;4,4;
2023-U36;06-11;21;0;0,0;78;1;1,3;
2023-U36;12-15;39;1;0,0;105;2;1,9;
2023-U36;16-19;53;3;0,7;147;8;5,4;
2023-U36;20-39;40;4;0,4;617;62;10,1;
2023-U36;40-64;53;6;1,5;993;114;11,5;
2023-U36;65-79;107;13;8,0;971;121;12,5;
2023-U36;80+;207;32;23,2;651;101;15,5;
2023-U37;00-02;125;9;2,2;229;17;7,4;
2023-U37;03-05;30;1;1,1;56;2;3,6;
2023-U37;06-11;21;1;0,0;77;2;2,6;
2023-U37;12-15;32;1;0,0;88;2;2,3;
2023-U37;16-19;46;2;0,0;129;6;4,7;
2023-U37;20-39;41;3;0,3;633;51;8,1;
2023-U37;40-64;51;5;1,3;965;101;10,5;
2023-U37;65-79;110;14;8,1;1005;130;12,9;
2023-U37;80+;210;26;17,2;659;83;12,6;
2023-U38;00-02;144;9;2,2;263;17;6,5;
2023-U38;03-05;31;1;0,0;59;2;3,4;
2023-U38;06-11;23;0;0,3;85;1;1,2;
2023-U38;12-15;36;1;0,0;98;2;2,0;
2023-U38;16-19;42;1;0,0;118;2;1,7;
2023-U38;20-39;42;3;0,3;641;41;6,4;
2023-U38;40-64;50;4;1,0;953;80;8,4;
2023-U38;65-79;108;12;5,5;983;112;11,4;
2023-U38;80+;197;23;16,2;620;72;11,6;
2023-U39;00-02;149;15;6,0;273;28;10,3;
2023-U39;03-05;27;2;0,0;51;3;5,9;
2023-U39;06-11;19;2;0,0;71;6;8,5;
2023-U39;12-15;34;1;0,0;92;2;2,2;
2023-U39;16-19;43;2;0,0;119;6;5,0;
2023-U39;20-39;43;3;0,3;651;52;8,0;
2023-U39;40-64;52;5;1,0;985;98;10,0;
2023-U39;65-79;113;14;6,7;1028;129;12,6;
2023-U39;80+;203;22;18,2;639;69;10,8;
2023-U40;00-02;166;13;3,8;302;24;8,0;
2023-U40;03-05;32;0;0,0;60;0;0,0;
2023-U40;06-11;30;1;0,0;111;2;1,8;
2023-U40;12-15;48;3;0,0;130;8;6,2;
2023-U40;16-19;47;0;0,0;132;1;0,8;
2023-U40;20-39;43;2;0,5;657;38;5,8;
2023-U40;40-64;61;7;1,6;1152;123;10,7;
2023-U40;65-79;117;16;8,8;1062;150;14,1;
2023-U40;80+;240;43;30,1;756;136;18,0;
2023-U41;00-02;170;15;3,3;309;27;8,7;
2023-U41;03-05;31;0;0,0;59;0;0,0;
2023-U41;06-11;35;2;0,3;130;6;4,6;
2023-U41;12-15;39;2;0,4;105;5;4,8;
2023-U41;16-19;47;3;0,0;132;8;6,1;
2023-U41;20-39;43;3;0,5;662;49;7,4;
2023-U41;40-64;66;7;1,6;1248;128;10,3;
2023-U41;65-79;125;17;11,3;1139;159;14,0;
2023-U41;80+;252;44;32,6;795;139;17,5;
2023-U42;00-02;165;20;7,1;301;37;12,3;
2023-U42;03-05;33;1;0,0;63;1;1,6;
2023-U42;06-11;29;0;0,0;106;0;0,0;
2023-U42;12-15;24;1;0,0;65;2;3,1;
2023-U42;16-19;38;2;0,4;107;5;4,7;
2023-U42;20-39;43;4;0,6;662;60;9,1;
2023-U42;40-64;61;7;1,7;1160;137;11,8;
2023-U42;65-79;132;20;13,6;1204;183;15,2;
2023-U42;80+;279;56;42,8;879;177;20,1;
2023-U43;00-02;180;29;6,6;328;52;15,9;
2023-U43;03-05;34;0;0,0;64;0;0,0;
2023-U43;06-11;40;1;0,0;146;5;3,4;
2023-U43;12-15;50;4;0,4;135;11;8,2;
2023-U43;16-19;50;5;0,4;139;13;9,4;
2023-U43;20-39;49;6;0,9;756;91;12,0;
2023-U43;40-64;75;12;3,0;1420;232;16,3;
2023-U43;65-79;147;24;14,3;1338;220;16,4;
2023-U43;80+;314;62;50,7;990;195;19,7;
2023-U44;00-02;239;34;11,5;435;62;14,3;
2023-U44;03-05;45;2;0,5;85;3;3,5;
2023-U44;06-11;44;1;0,0;162;3;1,9;
2023-U44;12-15;52;4;0,4;142;12;8,5;
2023-U44;16-19;52;6;0,7;145;16;11,0;
2023-U44;20-39;55;8;1,6;838;120;14,3;
2023-U44;40-64;75;13;4,0;1414;254;18,0;
2023-U44;65-79;151;28;16,4;1380;252;18,3;
2023-U44;80+;311;67;53,5;983;210;21,4;
2023-U45;00-02;265;39;11,0;481;70;14,6;
2023-U45;03-05;57;3;0,0;108;5;4,6;
2023-U45;06-11;47;4;0,3;173;13;7,5;
2023-U45;12-15;55;4;0,0;150;10;6,7;
2023-U45;16-19;68;8;0,4;191;21;11,0;
2023-U45;20-39;60;10;2,0;916;152;16,6;
2023-U45;40-64;84;17;3,1;1592;326;20,5;
2023-U45;65-79;162;27;14,9;1476;242;16,4;
2023-U45;80+;332;74;56,4;1054;234;22,2;
2023-U46;00-02;322;61;14,9;586;111;18,9;
2023-U46;03-05;66;2;0,0;124;4;3,2;
2023-U46;06-11;64;4;0,8;236;13;5,5;
2023-U46;12-15;61;4;0,7;165;11;6,7;
2023-U46;16-19;64;6;1,4;178;16;9,0;
2023-U46;20-39;62;12;2,3;949;181;19,1;
2023-U46;40-64;91;20;4,6;1723;387;22,5;
2023-U46;65-79;152;29;18,7;1389;265;19,1;
2023-U46;80+;314;67;50,1;995;214;21,5;
2023-U47;00-02;426;73;19,8;775;132;17,0;
2023-U47;03-05;93;6;1,6;176;12;6,8;
2023-U47;06-11;83;7;0,8;306;25;8,2;
2023-U47;12-15;76;9;0,4;207;25;12,1;
2023-U47;16-19;77;9;1,1;215;26;12,1;
2023-U47;20-39;73;18;3,0;1126;269;23,9;
2023-U47;40-64;110;28;5,0;2084;538;25,8;
2023-U47;65-79;175;37;23,0;1599;335;21,0;
2023-U47;80+;385;91;73,4;1222;289;23,7;
2023-U48;00-02;498;91;19,3;905;166;18,3;
2023-U48;03-05;85;7;0,5;160;13;8,1;
2023-U48;06-11;83;10;1,1;306;36;11,8;
2023-U48;12-15;84;12;0,7;228;33;14,5;
2023-U48;16-19;77;14;0,4;216;39;18,1;
2023-U48;20-39;83;22;2,1;1276;336;26,3;
2023-U48;40-64;121;37;6,7;2294;701;30,6;
2023-U48;65-79;188;45;25,8;1709;412;24,1;
2023-U48;80+;389;96;66,5;1234;306;24,8;
2023-U49;00-02;645;134;30,3;1171;243;20,8;
2023-U49;03-05;113;11;1,6;213;21;9,9;
2023-U49;06-11;96;11;1,1;356;39;11,0;
2023-U49;12-15;97;14;1,5;262;38;14,5;
2023-U49;16-19;91;17;1,1;255;48;18,8;
2023-U49;20-39;98;29;3,1;1514;447;29,5;
2023-U49;40-64;147;48;8,1;2786;908;32,6;
2023-U49;65-79;225;60;32,9;2052;546;26,6;
2023-U49;80+;472;129;97,4;1502;410;27,3;
2023-U50;00-02;698;142;24,2;1268;258;20,4;
2023-U50;03-05;149;8;2,1;281;16;5,7;
2023-U50;06-11;111;14;0,5;410;51;12,4;
2023-U50;12-15;102;15;0,7;275;41;14,9;
2023-U50;16-19;95;16;0,4;266;44;16,5;
2023-U50;20-39;95;24;2,7;1462;367;25,1;
2023-U50;40-64;158;44;8,1;2982;837;28,1;
2023-U50;65-79;253;68;38,1;2309;616;26,7;
2023-U50;80+;521;139;102,4;1659;443;26,7;
2023-U51;00-02;644;100;20,4;1169;182;15,6;
2023-U51;03-05;154;6;0,0;291;12;4,1;
2023-U51;06-11;103;8;1,1;381;29;7,6;
2023-U51;12-15;93;9;1,1;250;25;10,0;
2023-U51;16-19;102;11;2,5;285;31;10,9;
2023-U51;20-39;90;14;1,8;1383;219;15,8;
2023-U51;40-64;153;29;6,5;2898;555;19,2;
2023-U51;65-79;274;56;29,5;2499;506;20,3;
2023-U51;80+;520;120;84,8;1654;383;23,2;
2023-U52;00-02;440;58;17,1;800;105;13,1;
2023-U52;03-05;86;5;0,5;162;9;5,6;
2023-U52;06-11;49;2;0,5;181;8;4,4;
2023-U52;12-15;43;0;0,0;117;1;0,9;
2023-U52;16-19;40;3;0,7;113;7;6,2;
2023-U52;20-39;52;5;1,4;792;82;10,4;
2023-U52;40-64;100;14;5,4;1883;263;14,0;
2023-U52;65-79;218;33;22,1;1985;297;15,0;
2023-U52;80+;479;80;66,3;1524;256;16,8;
2024-U01;00-02;319;32;12,2;575;57;9,9;
2024-U01;03-05;67;1;0,0;127;2;1,6;
2024-U01;06-11;53;2;0,3;195;6;3,1;
2024-U01;12-15;53;2;0,4;143;5;3,5;
2024-U01;16-19;72;3;0,0;201;7;3,5;
2024-U01;20-39;71;5;0,8;1086;77;7,1;
2024-U01;40-64;120;11;3,4;2271;200;8,8;
2024-U01;65-79;214;23;13,8;1950;207;10,6;
2024-U01;80+;450;51;40,6;1440;164;11,4;
2024-U02;00-02;272;15;3,9;491;27;5,5;
2024-U02;03-05;74;2;0,5;140;3;2,1;
2024-U02;06-11;69;1;0,0;256;2;0,8;
2024-U02;12-15;69;1;0,0;186;4;2,2;
2024-U02;16-19;67;1;0,0;189;3;1,6;
2024-U02;20-39;64;4;0,4;985;57;5,8;
2024-U02;40-64;104;6;1,6;1975;111;5,6;
2024-U02;65-79;192;10;4,7;1751;87;5,0;
2024-U02;80+;378;29;22,2;1210;93;7,7;
2024-U03;00-02;303;23;10,5;546;41;7,5;
2024-U03;03-05;105;2;0,0;197;3;1,5;
2024-U03;06-11;74;2;0,5;274;7;2,6;
2024-U03;12-15;57;1;0,4;154;2;1,3;
2024-U03;16-19;72;1;0,7;203;4;2,0;
2024-U03;20-39;65;3;0,4;995;40;4,0;
2024-U03;40-64;99;4;1,1;1871;78;4,2;
2024-U03;65-79;174;8;4,6;1589;77;4,9;
2024-U03;80+;351;20;18,1;1122;64;5,7;
2024-U04;00-02;315;12;1,1;569;22;3,9;
2024-U04;03-05;118;1;0,0;222;1;0,5;
2024-U04;06-11;87;2;0,8;320;8;2,5;
2024-U04;12-15;73;1;0,0;197;3;1,5;
2024-U04;16-19;75;1;0,0;209;4;1,9;
2024-U04;20-39;69;2;0,3;1059;28;2,6;
2024-U04;40-64;100;3;0,8;1886;56;3,0;
2024-U04;65-79;181;6;4,9;1652;54;3,3;
2024-U04;80+;347;12;10,0;1111;38;3,4;
2024-U05;00-02;305;9;0,0;550;17;3,1;
2024-U05;03-05;113;2;0,0;212;3;1,4;
2024-U05;06-11;74;2;0,3;275;6;2,2;
2024-U05;12-15;81;1;0,4;219;2;0,9;
2024-U05;16-19;73;0;0,0;206;0;0,0;
2024-U05;20-39;66;2;0,2;1015;26;2,6;
2024-U05;40-64;98;2;0,6;1849;37;2,0;
2024-U05;65-79;170;5;2,7;1546;48;3,1;
2024-U05;80+;326;9;7,5;1043;29;2,8;
2024-U06;00-02;270;4;1,7;489;8;1,6;
2024-U06;03-05;92;0;0,0;172;0;0,0;
2024-U06;06-11;71;1;0,0;263;4;1,5;
2024-U06;12-15;71;1;0,0;192;4;2,1;
2024-U06;16-19;62;0;0,0;173;1;0,6;
2024-U06;20-39;64;1;0,2;986;13;1,3;
2024-U06;40-64;97;2;1,0;1837;37;2,0;
2024-U06;65-79;167;4;2,3;1518;36;2,4;
2024-U06;80+;304;7;6,6;974;23;2,4;
2024-U07;00-02;248;3;0,0;448;5;1,1;
2024-U07;03-05;76;2;0,0;142;3;2,1;
2024-U07;06-11;47;1;0,0;173;2;1,2;
2024-U07;12-15;41;0;0,0;109;0;0,0;
2024-U07;16-19;48;0;0,0;135;0;0,0;
2024-U07;20-39;55;1;0,1;842;17;2,0;
2024-U07;40-64;76;1;0,5;1444;25;1,7;
2024-U07;65-79;151;5;3,6;1377;42;3,1;
2024-U07;80+;326;7;6,2;1043;24;2,3;
2024-U08;00-02;238;5;1,7;431;9;2,1;
2024-U08;03-05;61;1;0,0;115;1;0,9;
2024-U08;06-11;49;0;0,0;182;0;0,0;
2024-U08;12-15;39;0;0,0;106;0;0,0;
2024-U08;16-19;60;1;0,0;169;2;1,2;
2024-U08;20-39;49;0;0,1;758;6;0,8;
2024-U08;40-64;75;2;0,6;1424;30;2,1;
2024-U08;65-79;143;3;2,0;1305;24;1,8;
2024-U08;80+;296;6;4,7;949;18;1,9;
2024-U09;00-02;215;2;0,6;389;3;0,8;
2024-U09;03-05;56;0;0,0;106;0;0,0;
2024-U09;06-11;58;1;0,3;213;2;0,9;
2024-U09;12-15;48;0;0,0;129;0;0,0;
2024-U09;16-19;65;1;0,0;183;3;1,6;
2024-U09;20-39;52;1;0,1;798;11;1,4;
2024-U09;40-64;70;1;0,3;1329;24;1,8;
2024-U09;65-79;136;3;1,9;1239;25;2,0;
2024-U09;80+;266;6;4,7;853;18;2,1;
2024-U10;00-02;180;2;0,0;325;3;0,9;
2024-U10;03-05;43;0;0,0;80;0;0,0;
2024-U10;06-11;50;0;0,0;183;1;0,6;
2024-U10;12-15;44;0;0,0;119;0;0,0;
2024-U10;16-19;46;0;0,0;128;0;0,0;
2024-U10;20-39;44;0;0,0;676;4;0,6;
2024-U10;40-64;64;1;0,3;1206;15;1,2;
2024-U10;65-79;130;3;2,1;1188;23;1,9;
2024-U10;80+;244;5;4,0;785;16;2,0;
2024-U11;00-02;195;1;0,0;352;1;0,3;
2024-U11;03-05;54;0;0,0;102;0;0,0;
2024-U11;06-11;45;1;0,0;166;2;1,2;
2024-U11;12-15;42;0;0,0;112;0;0,0;
2024-U11;16-19;51;0;0,0;143;1;0,7;
2024-U11;20-39;43;0;0,1;667;4;0,6;
2024-U11;40-64;62;1;0,4;1175;20;1,7;
2024-U11;65-79;127;2;0,8;1157;17;1,5;
2024-U11;80+;233;6;4,4;749;18;2,4;
2024-U12;00-02;177;2;0,0;320;3;0,9;
2024-U12;03-05;37;1;0,5;70;1;1,4;
2024-U12;06-11;40;0;0,0;149;0;0,0;
2024-U12;12-15;49;0;0,0;132;0;0,0;
2024-U12;16-19;46;0;0,0;129;0;0,0;
2024-U12;20-39;41;0;0,0;632;6;1,0;
2024-U12;40-64;60;1;0,4;1141;19;1,7;
2024-U12;65-79;117;2;1,8;1066;20;1,9;
2024-U12;80+;234;5;4,4;752;15;2,0;
2024-U13;00-02;147;2;0,0;266;4;1,5;
2024-U13;03-05;32;0;0,0;60;0;0,0;
2024-U13;06-11;24;0;0,0;90;0;0,0;
2024-U13;12-15;19;0;0,0;52;0;0,0;
2024-U13;16-19;27;0;0,0;77;0;0,0;
2024-U13;20-39;27;0;0,1;413;4;1,0;
2024-U13;40-64;41;1;0,3;779;13;1,7;
2024-U13;65-79;103;2;2,0;938;22;2,4;
2024-U13;80+;235;4;3,1;756;13;1,7;
2024-U14;00-02;107;1;0,0;193;1;0,5;
2024-U14;03-05;27;0;0,0;51;0;0,0;
2024-U14;06-11;26;0;0,3;97;1;1,0;
2024-U14;12-15;32;0;0,0;86;0;0,0;
2024-U14;16-19;43;0;0,0;121;1;0,8;
2024-U14;20-39;31;0;0,1;477;7;1,5;
2024-U14;40-64;51;1;0,2;964;11;1,1;
2024-U14;65-79;111;1;0,7;1014;10;1,0;
2024-U14;80+;210;3;2,5;677;11;1,6;
2024-U15;00-02;113;2;0,0;203;4;2,0;
2024-U15;03-05;29;0;0,0;54;0;0,0;
2024-U15;06-11;25;0;0,0;93;0;0,0;
2024-U15;12-15;32;0;0,0;86;0;0,0;
2024-U15;16-19;38;0;0,0;108;0;0,0;
2024-U15;20-39;32;0;0,0;497;6;1,2;
2024-U15;40-64;50;1;0,2;950;16;1,7;
2024-U15;65-79;92;2;1,1;840;16;1,9;
2024-U15;80+;192;3;1,5;621;9;1,5;
2024-U16;00-02;125;0;0,0;226;0;0,0;
2024-U16;03-05;28;0;0,0;52;0;0,0;
2024-U16;06-11;28;0;0,3;104;1;1,0;
2024-U16;12-15;31;0;0,0;83;0;0,0;
2024-U16;16-19;29;0;0,0;81;0;0,0;
2024-U16;20-39;29;0;0,2;445;4;0,9;
2024-U16;40-64;44;1;0,3;838;10;1,2;
2024-U16;65-79;84;1;0,9;769;12;1,6;
2024-U16;80+;153;3;2,8;493;10;2,0;
2024-U17;00-02;117;1;0,0;211;2;1,0;
2024-U17;03-05;32;0;0,0;60;0;0,0;
2024-U17;06-11;26;0;0,0;97;1;1,0;
2024-U17;12-15;27;0;0,0;73;0;0,0;
2024-U17;16-19;30;0;0,0;84;0;0,0;
2024-U17;20-39;28;0;0,0;431;3;0,7;
2024-U17;40-64;39;1;0,2;734;12;1,6;
2024-U17;65-79;83;2;1,2;753;15;2,0;
2024-U17;80+;155;2;2,2;501;7;1,4;
2024-U18;00-02;105;2;0,0;190;4;2,1;
2024-U18;03-05;34;0;0,0;64;0;0,0;
2024-U18;06-11;28;1;0,0;105;2;1,9;
2024-U18;12-15;31;1;0,0;82;2;2,4;
2024-U18;16-19;28;0;0,0;78;0;0,0;
2024-U18;20-39;26;0;0,2;398;7;1,8;
2024-U18;40-64;40;1;0,2;746;16;2,1;
2024-U18;65-79;79;1;0,9;724;13;1,8;
2024-U18;80+;154;6;4,0;497;18;3,6;
2024-U19;00-02;89;0;0,6;159;0;0,0;
2024-U19;03-05;23;1;0,5;44;1;2,3;
2024-U19;06-11;22;0;0,0;80;1;1,3;
2024-U19;12-15;17;0;0,0;46;0;0,0;
2024-U19;16-19;22;0;0,4;61;1;1,6;
2024-U19;20-39;21;0;0,1;318;4;1,3;
2024-U19;40-64;33;1;0,1;626;10;1,6;
2024-U19;65-79;70;2;0,8;638;21;3,3;
2024-U19;80+;115;4;4,0;373;13;3,5;
2024-U20;00-02;80;3;0,6;143;5;3,5;
2024-U20;03-05;17;0;0,0;32;0;0,0;
2024-U20;06-11;18;0;0,0;68;0;0,0;
2024-U20;12-15;19;0;0,0;50;1;2,0;
2024-U20;16-19;22;0;0,0;61;0;0,0;
2024-U20;20-39;19;1;0,2;295;8;2,7;
2024-U20;40-64;30;1;0,4;575;19;3,3;
2024-U20;65-79;65;2;1,0;592;20;3,4;
2024-U20;80+;131;4;2,8;426;13;3,1;
2024-U21;00-02;74;2;1,1;132;4;3,0;
2024-U21;03-05;17;0;0,0;32;0;0,0;
2024-U21;06-11;13;0;0,3;48;1;2,1;
2024-U21;12-15;16;0;0,0;42;0;0,0;
2024-U21;16-19;12;0;0,0;34;0;0,0;
2024-U21;20-39;19;1;0,2;298;13;4,4;
2024-U21;40-64;26;1;0,1;483;15;3,1;
2024-U21;65-79;61;2;1,0;554;16;2,9;
2024-U21;80+;119;3;1,8;386;10;2,6;
2024-U22;00-02;83;2;0,6;149;3;2,0;
2024-U22;03-05;16;0;0,0;30;0;0,0;
2024-U22;06-11;18;0;0,0;65;1;1,5;
2024-U22;12-15;22;0;0,0;60;0;0,0;
2024-U22;16-19;19;0;0,0;52;0;0,0;
2024-U22;20-39;18;0;0,0;271;7;2,6;
2024-U22;40-64;27;1;0,2;517;22;4,3;
2024-U22;65-79;58;2;0,4;525;14;2,7;
2024-U22;80+;98;4;3,1;319;12;3,8;
2024-U23;00-02;81;1;0,0;146;1;0,7;
2024-U23;03-05;19;0;0,0;35;0;0,0;
2024-U23;06-11;18;0;0,0;68;1;1,5;
2024-U23;12-15;20;0;0,4;52;1;1,9;
2024-U23;16-19;22;0;0,0;63;1;1,6;
2024-U23;20-39;16;1;0,1;243;11;4,5;
2024-U23;40-64;24;1;0,1;444;14;3,2;
2024-U23;65-79;55;2;1,5;499;21;4,2;
2024-U23;80+;94;4;4,0;307;14;4,6;
2024-U24;00-02;80;3;1,1;144;5;3,5;
2024-U24;03-05;26;1;0,0;49;1;2,0;
2024-U24;06-11;15;0;0,0;57;0;0,0;
2024-U24;12-15;21;1;0,0;56;2;3,6;
2024-U24;16-19;18;1;0,4;50;2;4,0;
2024-U24;20-39;19;1;0,1;289;11;3,8;
2024-U24;40-64;26;2;0,7;499;41;8,2;
2024-U24;65-79;57;3;1,2;517;26;5,0;
2024-U24;80+;96;7;6,1;315;24;7,6;
2024-U25;00-02;74;6;1,1;133;10;7,5;
2024-U25;03-05;17;1;0,0;32;2;6,3;
2024-U25;06-11;17;0;0,0;62;0;0,0;
2024-U25;12-15;17;0;0,0;46;0;0,0;
2024-U25;16-19;19;1;0,0;52;2;3,9;
2024-U25;20-39;19;2;0,5;300;28;9,3;
2024-U25;40-64;27;3;0,9;515;58;11,3;
2024-U25;65-79;58;4;2,0;528;36;6,8;
2024-U25;80+;107;13;8,9;350;43;12,3;
2024-U26;00-02;74;3;0,6;132;5;3,8;
2024-U26;03-05;19;0;0,0;36;0;0,0;
2024-U26;06-11;16;0;0,0;58;0;0,0;
2024-U26;12-15;13;2;0,0;35;4;11,4;
2024-U26;16-19;13;1;0,0;36;3;8,3;
2024-U26;20-39;20;3;0,3;312;39;12,5;
2024-U26;40-64;30;4;0,6;573;84;14,7;
2024-U26;65-79;65;9;3,6;591;83;14,0;
2024-U26;80+;121;12;8,9;395;40;10,1;
2024-U27;00-02;88;11;4,5;157;19;12,1;
2024-U27;03-05;22;1;0,0;41;2;4,9;
2024-U27;06-11;19;1;0,5;72;3;4,2;
2024-U27;12-15;17;0;0,0;46;1;2,2;
2024-U27;16-19;26;3;0,0;74;9;12,2;
2024-U27;20-39;24;3;0,5;378;50;13,2;
2024-U27;40-64;39;5;0,9;741;91;12,3;
2024-U27;65-79;72;8;3,8;655;73;11,2;
2024-U27;80+;134;16;11,6;442;54;12,2;
2024-U28;00-02;90;16;3,9;161;28;17,4;
2024-U28;03-05;24;1;0,0;46;1;2,2;
2024-U28;06-11;16;1;0,3;60;3;5,0;
2024-U28;12-15;17;2;0,4;45;5;11,1;
2024-U28;16-19;31;9;1,4;86;26;30,2;
2024-U28;20-39;30;5;0,7;461;84;18,2;
2024-U28;40-64;38;6;1,2;716;109;15,2;
2024-U28;65-79;89;12;6,4;807;106;13,1;
2024-U28;80+;153;28;23,7;502;93;18,5;
2024-U29;00-02;87;15;5,6;155;27;17,4;
2024-U29;03-05;20;0;0,0;37;0;0,0;
2024-U29;06-11;16;0;0,0;60;1;1,7;
2024-U29;12-15;12;1;0,4;31;2;6,5;
2024-U29;16-19;27;4;1,4;77;12;15,6;
2024-U29;20-39;28;5;0,8;429;78;18,2;
2024-U29;40-64;40;6;1,3;760;119;15,7;
2024-U29;65-79;92;15;7,9;836;134;16,0;
2024-U29;80+;199;39;28,0;655;129;19,7;
2024-U30;00-02;97;21;3,4;174;38;21,8;
2024-U30;03-05;23;1;0,5;43;2;4,7;
2024-U30;06-11;24;0;0,0;87;1;1,2;
2024-U30;12-15;18;2;0,0;47;4;8,5;
2024-U30;16-19;24;2;0,4;68;7;10,3;
2024-U30;20-39;29;3;0,8;448;53;11,8;
2024-U30;40-64;41;7;1,5;776;126;16,2;
2024-U30;65-79;94;11;5,4;853;96;11,3;
2024-U30;80+;192;26;17,0;630;84;13,3;
2024-U31;00-02;80;16;3,4;143;29;20,3;
2024-U31;03-05;16;0;0,0;31;0;0,0;
2024-U31;06-11;16;1;0,3;58;2;3,5;
2024-U31;12-15;16;0;0,0;42;1;2,4;
2024-U31;16-19;25;1;0,4;69;3;4,4;
2024-U31;20-39;23;2;0,3;363;35;9,6;
2024-U31;40-64;37;5;1,6;704;91;12,9;
2024-U31;65-79;81;10;6,0;739;88;11,9;
2024-U31;80+;165;23;19,8;544;77;14,2;
2024-U32;00-02;78;19;5,6;139;34;24,5;
2024-U32;03-05;29;2;0,5;55;3;5,5;
2024-U32;06-11;19;1;0,0;69;4;5,8;
2024-U32;12-15;24;1;0,0;63;3;4,8;
2024-U32;16-19;31;2;0,4;87;5;5,8;
2024-U32;20-39;27;3;0,3;425;50;11,8;
2024-U32;40-64;38;4;1,4;712;79;11,1;
2024-U32;65-79;71;8;4,3;645;77;11,9;
2024-U32;80+;153;24;19,1;507;79;15,6;
2024-U33;00-02;87;17;6,2;155;31;20,0;
2024-U33;03-05;20;1;0,5;37;2;5,4;
2024-U33;06-11;25;2;0,0;93;6;6,5;
2024-U33;12-15;21;2;0,4;56;4;7,1;
2024-U33;16-19;29;3;0,0;82;8;9,8;
2024-U33;20-39;29;4;0,6;449;58;12,9;
2024-U33;40-64;40;6;1,2;747;110;14,7;
2024-U33;65-79;79;11;6,4;719;97;13,5;
2024-U33;80+;151;23;16,9;500;77;15,4;
2024-U34;00-02;102;25;7,3;182;45;24,7;
2024-U34;03-05;29;1;0,0;55;2;3,6;
2024-U34;06-11;28;1;0,0;102;4;3,9;
2024-U34;12-15;29;3;0,0;78;7;9,0;
2024-U34;16-19;38;4;0,0;107;10;9,4;
2024-U34;20-39;32;4;0,6;488;57;11,7;
2024-U34;40-64;39;6;1,1;730;114;15,6;
2024-U34;65-79;80;13;6,4;727;122;16,8;
2024-U34;80+;160;24;16,9;529;79;14,9;
2024-U35;00-02;133;25;7,3;237;45;19,0;
2024-U35;03-05;34;2;1,1;64;4;6,3;
2024-U35;06-11;31;1;0,8;115;5;4,4;
2024-U35;12-15;36;3;0,4;95;7;7,4;
2024-U35;16-19;43;3;0,4;122;9;7,4;
2024-U35;20-39;34;4;0,6;519;61;11,8;
2024-U35;40-64;43;8;1,5;819;148;18,1;
2024-U35;65-79;81;13;7,0;737;117;15,9;
2024-U35;80+;174;31;22,1;576;103;17,9;
2024-U36;00-02;132;23;5,6;235;40;17,0;
2024-U36;03-05;29;1;0,0;55;2;3,6;
2024-U36;06-11;33;1;0,0;121;4;3,3;
2024-U36;12-15;34;2;0,0;91;6;6,6;
2024-U36;16-19;30;2;0,4;83;6;7,2;
2024-U36;20-39;33;3;0,5;509;53;10,4;
2024-U36;40-64;45;8;1,7;849;148;17,4;
2024-U36;65-79;91;16;9,8;833;148;17,8;
2024-U36;80+;194;33;25,6;643;111;17,3;
2024-U37;00-02;110;16;5,6;195;28;14,4;
2024-U37;03-05;37;1;0,0;70;1;1,4;
2024-U37;06-11;33;2;0,8;124;9;7,3;
2024-U37;12-15;44;3;0,8;116;9;7,8;
2024-U37;16-19;37;2;0,4;105;6;5,7;
2024-U37;20-39;35;2;0,6;538;33;6,1;
2024-U37;40-64;46;3;0,8;860;65;7,6;
2024-U37;65-79;91;11;6,7;828;104;12,6;
2024-U37;80+;162;24;19,0;537;81;15,1;
2024-U38;00-02;119;12;3,4;211;21;10,0;
2024-U38;03-05;36;1;0,0;67;1;1,5;
2024-U38;06-11;34;1;0,3;125;3;2,4;
2024-U38;12-15;31;0;0,0;83;1;1,2;
2024-U38;16-19;42;2;0,7;117;6;5,1;
2024-U38;20-39;33;2;0,2;506;32;6,3;
2024-U38;40-64;44;4;1,2;829;77;9,3;
2024-U38;65-79;86;12;5,7;787;111;14,1;
2024-U38;80+;169;33;25,3;560;109;19,5;
2024-U39;00-02;117;14;2,8;208;24;11,5;
2024-U39;03-05;32;1;0,0;60;2;3,3;
2024-U39;06-11;33;1;0,0;124;4;3,2;
2024-U39;12-15;42;2;0,0;110;5;4,6;
2024-U39;16-19;35;3;0,0;97;8;8,3;
2024-U39;20-39;33;2;0,3;512;36;7,0;
2024-U39;40-64;43;3;1,1;805;63;7,8;
2024-U39;65-79;87;11;4,9;791;100;12,6;
2024-U39;80+;187;33;26,5;621;110;17,7;
2024-U40;00-02;128;13;3,9;226;23;10,2;
2024-U40;03-05;36;0;0,5;68;0;0,0;
2024-U40;06-11;31;0;0,0;115;1;0,9;
2024-U40;12-15;40;2;0,4;105;4;3,8;
2024-U40;16-19;36;1;0,0;102;2;2,0;
2024-U40;20-39;35;2;0,4;536;29;5,4;
2024-U40;40-64;44;4;1,0;839;84;10,0;
2024-U40;65-79;92;14;8,2;840;124;14,8;
2024-U40;80+;182;34;28,6;608;114;18,8;
2024-U41;00-02;130;14;5,1;230;24;10,4;
2024-U41;03-05;35;2;0,0;66;3;4,6;
2024-U41;06-11;36;1;0,0;134;5;3,7;
2024-U41;12-15;33;2;0,0;88;6;6,8;
2024-U41;16-19;38;1;0,4;107;3;2,8;
2024-U41;20-39;37;3;0,4;576;40;6,9;
2024-U41;40-64;54;6;2,2;1023;114;11,1;
2024-U41;65-79;107;14;7,8;978;132;13,5;
2024-U41;80+;207;43;32,0;692;145;21,0;
2024-U42;00-02;117;12;4,5;207;22;10,6;
2024-U42;03-05;34;1;0,5;64;1;1,6;
2024-U42;06-11;23;0;0,0;86;0;0,0;
2024-U42;12-15;18;0;0,0;47;0;0,0;
2024-U42;16-19;28;1;0,0;78;3;3,9;
2024-U42;20-39;34;2;0,4;523;37;7,1;
2024-U42;40-64;42;4;1,2;797;78;9,8;
2024-U42;65-79;98;14;8,6;896;128;14,3;
2024-U42;80+;203;37;29,0;679;124;18,3;
2024-U43;00-02;109;11;4,0;193;19;9,8;
2024-U43;03-05;43;2;0,0;82;3;3,7;
2024-U43;06-11;32;1;0,3;118;2;1,7;
2024-U43;12-15;34;1;0,0;91;3;3,3;
2024-U43;16-19;32;1;0,4;89;4;4,5;
2024-U43;20-39;36;2;0,4;565;37;6,6;
2024-U43;40-64;57;5;1,7;1072;102;9,5;
2024-U43;65-79;109;16;8,9;989;147;14,9;
2024-U43;80+;201;31;22,7;671;103;15,4;
2024-U44;00-02;111;7;1,7;197;13;6,6;
2024-U44;03-05;44;1;0,0;84;1;1,2;
2024-U44;06-11;36;0;0,0;132;1;0,8;
2024-U44;12-15;37;1;0,0;98;3;3,1;
2024-U44;16-19;28;1;0,4;79;4;5,1;
2024-U44;20-39;39;2;0,4;612;37;6,1;
2024-U44;40-64;54;5;1,2;1019;98;9,6;
2024-U44;65-79;99;11;6,7;901;104;11,5;
2024-U44;80+;189;27;22,1;631;91;14,4;
2024-U45;00-02;133;11;0,6;235;19;8,1;
2024-U45;03-05;46;1;0,0;88;1;1,1;
2024-U45;06-11;34;1;0,0;125;5;4,0;
2024-U45;12-15;35;1;0,4;93;3;3,2;
2024-U45;16-19;37;2;0,4;106;6;5,7;
2024-U45;20-39;40;2;0,3;616;35;5,7;
2024-U45;40-64;55;3;0,7;1043;64;6,1;
2024-U45;65-79;101;9;5,2;917;78;8,5;
2024-U45;80+;178;19;14,9;597;63;10,6;
2024-U46;00-02;143;13;2,3;252;23;9,1;
2024-U46;03-05;42;2;0,5;80;3;3,8;
2024-U46;06-11;45;1;0,0;167;4;2,4;
2024-U46;12-15;38;1;0,0;101;3;3,0;
2024-U46;16-19;37;2;0,0;106;6;5,7;
2024-U46;20-39;39;2;0,4;612;35;5,7;
2024-U46;40-64;54;3;0,8;1020;65;6,4;
2024-U46;65-79;96;6;3,6;874;57;6,5;
2024-U46;80+;195;16;12,8;654;55;8,4;
2024-U47;00-02;153;15;4,5;270;27;10,0;
2024-U47;03-05;44;1;0,0;83;2;2,4;
2024-U47;06-11;46;1;0,0;170;3;1,8;
2024-U47;12-15;40;0;0,4;105;1;1,0;
2024-U47;16-19;36;1;0,0;101;2;2,0;
2024-U47;20-39;40;1;0,2;623;23;3,7;
2024-U47;40-64;51;3;0,6;961;61;6,4;
2024-U47;65-79;104;7;4,1;947;61;6,4;
2024-U47;80+;194;15;11,0;651;51;7,8;
2024-U48;00-02;160;11;2,3;282;19;6,7;
2024-U48;03-05;36;1;0,0;68;1;1,5;
2024-U48;06-11;48;1;0,0;177;3;1,7;
2024-U48;12-15;39;2;0,4;104;4;3,9;
2024-U48;16-19;35;2;0,0;98;6;6,1;
2024-U48;20-39;36;2;0,2;564;29;5,1;
2024-U48;40-64;54;4;1,1;1017;71;7,0;
2024-U48;65-79;92;5;3,1;841;49;5,8;
2024-U48;80+;197;18;14,3;660;61;9,2;
2024-U49;00-02;168;9;2,8;295;15;5,1;
2024-U49;03-05;45;1;0,5;85;2;2,4;
2024-U49;06-11;41;1;0,0;153;5;3,3;
2024-U49;12-15;40;3;0,8;106;7;6,6;
2024-U49;16-19;35;1;0,4;100;2;2,0;
2024-U49;20-39;37;2;0,1;584;36;6,2;
2024-U49;40-64;56;4;1,0;1064;73;6,9;
2024-U49;65-79;104;8;5,0;944;73;7,7;
2024-U49;80+;220;26;20,5;743;86;11,6;
2024-U50;00-02;189;10;2,8;331;17;5,1;
2024-U50;03-05;55;1;0,0;104;1;1,0;
2024-U50;06-11;46;1;0,3;172;4;2,3;
2024-U50;12-15;40;3;0,0;106;8;7,6;
2024-U50;16-19;32;1;0,4;90;3;3,3;
2024-U50;20-39;36;3;0,8;561;45;8,0;
2024-U50;40-64;53;4;0,8;994;72;7,2;
2024-U50;65-79;101;10;5,3;918;88;9,6;
2024-U50;80+;191;18;14,8;644;60;9,3;
2024-U51;00-02;228;12;2,8;401;21;5,2;
2024-U51;03-05;59;2;1,1;111;4;3,6;
2024-U51;06-11;42;1;0,0;155;3;1,9;
2024-U51;12-15;41;2;0,8;108;5;4,6;
2024-U51;16-19;29;1;0,4;81;4;4,9;
2024-U51;20-39;40;2;0,4;628;35;5,6;
2024-U51;40-64;61;5;1,2;1160;88;7,6;
2024-U51;65-79;124;9;5,4;1129;85;7,5;
2024-U51;80+;248;25;18,4;837;85;10,2;
2024-U52;00-02;201;11;4,6;352;20;5,7;
2024-U52;03-05;28;1;0,0;53;1;1,9;
2024-U52;06-11;18;1;0,0;66;3;4,6;
2024-U52;12-15;15;2;0,4;39;4;10,3;
2024-U52;16-19;16;0;0,0;46;1;2,2;
2024-U52;20-39;23;1;0,4;356;16;4,5;
2024-U52;40-64;41;2;0,6;782;42;5,4;
2024-U52;65-79;106;6;4,3;965;58;6,0;
2024-U52;80+;246;20;15,7;830;69;8,3;
2025-U01;00-02;186;9;2,3;326;16;4,9;
2025-U01;03-05;35;1;0,5;66;1;1,5;
2025-U01;06-11;26;1;0,0;95;2;2,1;
2025-U01;12-15;18;1;0,0;48;2;4,2;
2025-U01;16-19;29;0;0,0;83;1;1,2;
2025-U01;20-39;32;1;0,3;504;22;4,4;
2025-U01;40-64;57;2;1,1;1073;40;3,7;
2025-U01;65-79;126;6;4,3;1145;57;5,0;
2025-U01;80+;301;20;15,7;1014;66;6,5;
2025-U02;00-02;165;8;4,6;287;14;4,9;
2025-U02;03-05;46;0;0,0;87;0;0,0;
2025-U02;06-11;33;1;0,5;121;2;1,7;
2025-U02;12-15;32;1;0,4;84;2;2,4;
2025-U02;16-19;42;1;0,0;120;4;3,3;
2025-U02;20-39;44;1;0,4;695;19;2,7;
2025-U02;40-64;70;2;0,6;1321;38;2,9;
2025-U02;65-79;137;6;3,7;1246;53;4,3;
2025-U02;80+;287;12;10,9;972;41;4,2;
2025-U03;00-02;263;9;1,1;458;15;3,3;
2025-U03;03-05;61;1;0,0;116;1;0,9;
2025-U03;06-11;40;1;0,3;147;4;2,7;
2025-U03;12-15;34;1;0,0;90;2;2,2;
2025-U03;16-19;32;0;0,4;91;1;1,1;
2025-U03;20-39;42;1;0,2;651;16;2,5;
2025-U03;40-64;55;2;0,6;1032;35;3,4;
2025-U03;65-79;105;3;2,2;961;25;2,6;
2025-U03;80+;221;11;5,9;747;37;5,0;
2025-U04;00-02;331;3;2,3;577;6;1,0;
2025-U04;03-05;77;1;0,0;146;1;0,7;
2025-U04;06-11;58;1;0,0;216;2;0,9;
2025-U04;12-15;54;0;0,0;141;1;0,7;
2025-U04;16-19;51;0;0,0;145;1;0,7;
2025-U04;20-39;44;1;0,1;685;23;3,4;
2025-U04;40-64;62;2;0,4;1176;33;2,8;
2025-U04;65-79;118;5;3,2;1071;46;4,3;
2025-U04;80+;242;8;5,6;819;26;3,2;
2025-U05;00-02;364;8;2,3;634;14;2,2;
2025-U05;03-05;92;2;0,0;174;4;2,3;
2025-U05;06-11;71;1;0,0;265;4;1,5;
2025-U05;12-15;57;2;0,0;150;6;4,0;
2025-U05;16-19;52;0;0,0;147;1;0,7;
2025-U05;20-39;52;1;0,1;805;14;1,7;
2025-U05;40-64;75;2;0,4;1408;38;2,7;
2025-U05;65-79;135;5;3,2;1233;45;3,7;
2025-U05;80+;279;10;8,0;944;33;3,5;
2025-U06;00-02;363;9;3,4;634;15;2,4;
2025-U06;03-05;106;3;0,5;202;6;3,0;
2025-U06;06-11;75;1;0,0;280;2;0,7;
2025-U06;12-15;60;2;0,0;157;4;2,6;
2025-U06;16-19;64;1;0,0;181;3;1,7;
2025-U06;20-39;60;1;0,1;934;19;2,0;
2025-U06;40-64;84;2;0,6;1582;37;2,3;
2025-U06;65-79;154;3;2,4;1401;27;1,9;
2025-U06;80+;316;7;6,2;1072;25;2,3;
2025-U07;00-02;369;10;1,7;643;18;2,8;
2025-U07;03-05;99;2;0,0;188;4;2,1;
2025-U07;06-11;49;1;0,5;182;3;1,7;
2025-U07;12-15;42;0;0,0;110;0;0,0;
2025-U07;16-19;47;1;0,0;133;3;2,3;
2025-U07;20-39;64;1;0,1;998;13;1,3;
2025-U07;40-64;85;2;0,5;1611;34;2,1;
2025-U07;65-79;170;5;3,1;1546;44;2,9;
2025-U07;80+;348;9;5,9;1181;30;2,5;
2025-U08;00-02;333;7;2,3;581;12;2,1;
2025-U08;03-05;88;0;0,0;168;0;0,0;
2025-U08;06-11;60;1;0,0;223;4;1,8;
2025-U08;12-15;55;1;0,0;144;2;1,4;
2025-U08;16-19;70;1;0,0;198;3;1,5;
2025-U08;20-39;68;2;0,1;1062;25;2,4;
2025-U08;40-64;101;2;0,6;1912;38;2,0;
2025-U08;65-79;195;4;2,9;1779;37;2,1;
2025-U08;80+;393;6;5,0;1336;22;1,7;
2025-U09;00-02;334;5;1,1;582;8;1,4;
2025-U09;03-05;123;2;0,0;234;4;1,7;
2025-U09;06-11;80;1;0,0;296;4;1,4;
2025-U09;12-15;65;0;0,0;169;0;0,0;
2025-U09;16-19;73;1;0,4;206;4;1,9;
2025-U09;20-39;73;1;0,2;1136;20;1,8;
2025-U09;40-64;102;1;0,6;1926;28;1,5;
2025-U09;65-79;203;4;2,6;1852;37;2,0;
2025-U09;80+;423;8;6,2;1438;28;2,0;
2025-U10;00-02;308;2;0,6;538;4;0,7;
2025-U10;03-05;98;1;0,0;187;2;1,1;
2025-U10;06-11;74;0;0,0;275;0;0,0;
2025-U10;12-15;65;1;0,0;170;3;1,8;
2025-U10;16-19;82;1;0,4;233;3;1,3;
2025-U10;20-39;65;1;0,1;1023;12;1,2;
2025-U10;40-64;93;1;0,2;1753;18;1,0;
2025-U10;65-79;189;4;3,5;1723;40;2,3;
2025-U10;80+;386;9;5,9;1318;32;2,4;
2025-U11;00-02;246;4;0,6;429;7;1,6;
2025-U11;03-05;69;0;0,0;131;0;0,0;
2025-U11;06-11;65;1;0,0;243;4;1,7;
2025-U11;12-15;63;1;0,4;165;3;1,8;
2025-U11;16-19;57;1;0,0;161;2;1,2;
2025-U11;20-39;54;1;0,3;846;8;1,0;
2025-U11;40-64;82;2;0,8;1553;31;2,0;
2025-U11;65-79;160;4;2,9;1460;35;2,4;
2025-U11;80+;335;7;5,9;1144;25;2,2;
2025-U12;00-02;233;3;0,0;407;5;1,2;
2025-U12;03-05;70;1;0,5;133;2;1,5;
2025-U12;06-11;52;1;0,0;192;4;2,1;
2025-U12;12-15;54;1;0,0;142;3;2,1;
2025-U12;16-19;61;1;0,0;172;3;1,7;
2025-U12;20-39;50;1;0,1;780;11;1,4;
2025-U12;40-64;73;1;0,7;1380;26;1,9;
2025-U12;65-79;154;3;1,6;1401;24;1,7;
2025-U12;80+;314;9;7,3;1071;31;2,9;
2025-U13;00-02;186;2;0,0;325;3;0,9;
2025-U13;03-05;56;1;0,0;106;1;0,9;
2025-U13;06-11;39;0;0,0;144;1;0,7;
2025-U13;12-15;47;0;0,0;122;1;0,8;
2025-U13;16-19;47;1;0,0;133;2;1,5;
2025-U13;20-39;45;0;0,3;710;7;1,0;
2025-U13;40-64;68;1;0,3;1286;20;1,6;
2025-U13;65-79;154;2;1,5;1398;22;1,6;
2025-U13;80+;317;4;2,6;1080;14;1,3;
2025-U14;00-02;160;4;2,3;278;7;2,5;
2025-U14;03-05;39;0;0,0;75;0;0,0;
2025-U14;06-11;30;1;0,3;112;2;1,8;
2025-U14;12-15;36;1;0,0;95;2;2,1;
2025-U14;16-19;45;1;0,0;128;2;1,6;
2025-U14;20-39;38;1;0,1;600;11;1,8;
2025-U14;40-64;58;1;0,1;1097;12;1,1;
2025-U14;65-79;134;1;0,5;1219;5;0,4;
2025-U14;80+;254;3;1,5;870;10;1,2;
2025-U15;00-02;137;2;0,6;238;4;1,7;
2025-U15;03-05;28;0;0,0;53;0;0,0;
2025-U15;06-11;23;0;0,0;87;1;1,2;
2025-U15;12-15;25;0;0,0;66;1;1,5;
2025-U15;16-19;28;0;0,0;78;1;1,3;
2025-U15;20-39;31;0;0,1;490;6;1,2;
2025-U15;40-64;52;0;0,2;981;9;0,9;
2025-U15;65-79;122;2;1,2;1107;15;1,4;
2025-U15;80+;242;3;2,6;828;11;1,3;
2025-U16;00-02;94;2;1,1;164;4;2,4;
2025-U16;03-05;15;0;0,0;29;0;0,0;
2025-U16;06-11;12;0;0,0;44;1;2,3;
2025-U16;12-15;12;0;0,0;30;1;3,3;
2025-U16;16-19;16;0;0,0;46;0;0,0;
2025-U16;20-39;21;0;0,1;327;2;0,6;
2025-U16;40-64;34;0;0,2;648;9;1,4;
2025-U16;65-79;101;1;1,1;917;11;1,2;
2025-U16;80+;222;3;3,2;761;11;1,5;
2025-U17;00-02;69;0;0,0;120;0;0,0;
2025-U17;03-05;11;0;0,0;20;0;0,0;
2025-U17;06-11;13;0;0,0;50;0;0,0;
2025-U17;12-15;15;0;0,0;38;0;0,0;
2025-U17;16-19;20;0;0,0;58;1;1,7;
2025-U17;20-39;20;1;0,1;309;8;2,6;
2025-U17;40-64;33;1;0,2;628;14;2,2;
2025-U17;65-79;95;2;1,4;863;15;1,7;
2025-U17;80+;193;4;2,6;661;13;2,0;
2025-U18;00-02;65;1;0,6;114;2;1,8;
2025-U18;03-05;13;1;0,0;25;1;4,0;
2025-U18;06-11;10;0;0,0;36;0;0,0;
2025-U18;12-15;14;0;0,0;36;1;2,8;
2025-U18;16-19;17;0;0,0;49;1;2,0;
2025-U18;20-39;17;1;0,0;260;8;3,1;
2025-U18;40-64;31;1;0,3;591;11;1,9;
2025-U18;65-79;89;1;0,7;809;12;1,5;
2025-U18;80+;197;4;4,4;675;14;2,1;
2025-U19;00-02;84;2;1,1;146;3;2,1;
2025-U19;03-05;13;0;0,0;25;0;0,0;
2025-U19;06-11;9;1;0,0;35;2;5,7;
2025-U19;12-15;8;0;0,0;22;0;0,0;
2025-U19;16-19;16;0;0,0;46;1;2,2;
2025-U19;20-39;17;0;0,1;268;4;1,5;
2025-U19;40-64;31;1;0,2;578;13;2,3;
2025-U19;65-79;74;1;0,8;676;12;1,8;
2025-U19;80+;151;3;2,6;521;11;2,1;
2025-U20;00-02;72;1;0,0;126;2;1,6;
2025-U20;03-05;8;0;0,0;15;0;0,0;
2025-U20;06-11;10;0;0,0;39;0;0,0;
2025-U20;12-15;13;0;0,0;35;0;0,0;
2025-U20;16-19;15;1;0,0;43;3;7,0;
2025-U20;20-39;18;0;0,0;288;5;1,7;
2025-U20;40-64;29;0;0,2;539;8;1,5;
2025-U20;65-79;73;2;1,2;665;14;2,1;
2025-U20;80+;154;4;3,8;532;15;2,8;
2025-U21;00-02;69;0;0,0;121;0;0,0;
2025-U21;03-05;11;0;0,0;20;0;0,0;
2025-U21;06-11;10;0;0,0;37;1;2,7;
2025-U21;12-15;7;0;0,0;19;0;0,0;
2025-U21;16-19;13;1;0,0;37;2;5,4;
2025-U21;20-39;13;1;0,3;209;9;4,3;
2025-U21;40-64;27;1;0,5;509;18;3,5;
2025-U21;65-79;70;2;1,1;637;16;2,5;
2025-U21;80+;144;6;5,2;495;21;4,2;
2025-U22;00-02;77;3;0,6;135;5;3,7;
2025-U22;03-05;13;0;0,0;24;0;0,0;
2025-U22;06-11;8;0;0,0;31;1;3,2;
2025-U22;12-15;11;0;0,0;28;0;0,0;
2025-U22;16-19;11;0;0,0;31;1;3,2;
2025-U22;20-39;13;0;0,1;206;7;3,4;
2025-U22;40-64;25;1;0,0;474;10;2,1;
2025-U22;65-79;70;2;0,2;641;14;2,2;
2025-U22;80+;140;3;1,2;481;10;2,1;
2025-U23;00-02;68;3;0,0;118;5;4,2;
2025-U23;03-05;18;0;0,0;34;0;0,0;
2025-U23;06-11;7;0;0,0;26;1;3,9;
2025-U23;12-15;8;0;0,0;20;0;0,0;
2025-U23;16-19;10;0;0,0;29;0;0,0;
2025-U23;20-39;15;1;0,0;229;8;3,5;
2025-U23;40-64;27;1;0,0;509;10;2,0;
2025-U23;65-79;65;2;0,0;588;18;3,1;
2025-U23;80+;145;5;0,6;504;19;3,8;
2025-U24;00-02;52;1;0,0;90;1;1,1;
2025-U24;03-05;11;0;0,0;21;0;0,0;
2025-U24;06-11;6;0;0,0;24;0;0,0;
2025-U24;12-15;8;0;0,0;21;0;0,0;
2025-U24;16-19;9;0;0,0;26;0;0,0;
2025-U24;20-39;13;0;0,0;200;7;3,5;
2025-U24;40-64;24;0;0,0;444;8;1,8;
2025-U24;65-79;65;1;0,0;587;9;1,5;
2025-U24;80+;126;5;0,0;436;19;4,4;
